-- --------------------------------------------------------
-- Хост:                         triton.rdb.superhosting.bg
-- Версия на сървъра:            10.3.29-MariaDB-log - MariaDB Server
-- ОС на сървъра:                Linux
-- HeidiSQL Версия:              11.0.0.5919
-- --------------------------------------------------------

/*!40101 SET @OLD_CHARACTER_SET_CLIENT=@@CHARACTER_SET_CLIENT */;
/*!40101 SET NAMES utf8 */;
/*!50503 SET NAMES utf8mb4 */;
/*!40014 SET @OLD_FOREIGN_KEY_CHECKS=@@FOREIGN_KEY_CHECKS, FOREIGN_KEY_CHECKS=0 */;
/*!40101 SET @OLD_SQL_MODE=@@SQL_MODE, SQL_MODE='NO_AUTO_VALUE_ON_ZERO' */;



CREATE DATABASE IF NOT EXISTS `smartg` /*!40100 DEFAULT CHARACTER SET utf8 */;
USE `smartg`;


CREATE TABLE IF NOT EXISTS `brands` (
  `id` int(11) NOT NULL AUTO_INCREMENT,
  `name` varchar(50) NOT NULL DEFAULT '0',
  `logoURL` varchar(255) DEFAULT NULL,
  PRIMARY KEY (`id`)
) ENGINE=InnoDB AUTO_INCREMENT=41 DEFAULT CHARSET=utf8;


/*!40000 ALTER TABLE `brands` DISABLE KEYS */;
INSERT INTO `brands` (`id`, `name`, `logoURL`) VALUES
	(1, 'Seat', 'https://www.supercars.net/blog/wp-content/uploads/2019/12/Seat-Logo.png'),
	(2, 'Renault', 'https://www.supercars.net/blog/wp-content/uploads/2019/12/Renault-Logo.png'),
	(3, 'Peugeot', 'https://www.supercars.net/blog/wp-content/uploads/2019/12/Peugeot.png'),
	(4, 'Dacia', 'https://www.supercars.net/blog/wp-content/uploads/2019/12/Dacia-Logo.png'),
	(5, 'Citroën', 'https://www.supercars.net/blog/wp-content/uploads/2019/12/Citroen-Logo-Big.png'),
	(6, 'Opel', 'https://www.supercars.net/blog/wp-content/uploads/2019/12/Opel-Logo.png'),
	(7, 'Alfa Romeo', 'https://www.supercars.net/blog/wp-content/uploads/2019/12/Alfa-Romeo-Logo.png'),
	(8, 'Škoda', 'https://e7.pngegg.com/pngimages/1023/983/png-clipart-%C5%A0koda-auto-volkswagen-car-%C5%A0koda-octavia-skoda-logo-car-thumbnail.png'),
	(9, 'Chevrolet', 'https://www.supercars.net/blog/wp-content/uploads/2019/12/Chevy-Logo-Big.png'),
	(10, 'Porsche', 'https://www.supercars.net/blog/wp-content/uploads/2019/12/Porsche-Logo.png'),
	(11, 'Honda', 'https://www.supercars.net/blog/wp-content/uploads/2019/12/Honda-Logo.png'),
	(12, 'Subaru', 'https://www.supercars.net/blog/wp-content/uploads/2019/12/Subaru-Logo.png'),
	(13, 'Mazda', 'https://www.supercars.net/blog/wp-content/uploads/2019/12/Mazda-Logo.png'),
	(14, 'Mitsubishi', 'https://www.supercars.net/blog/wp-content/uploads/2019/12/Mitsubishi-Logo.png'),
	(15, 'Lexus', 'https://www.supercars.net/blog/wp-content/uploads/2019/12/Lexus-Logo.png'),
	(16, 'Toyota', 'https://www.supercars.net/blog/wp-content/uploads/2019/12/Toyota-Logo.png'),
	(17, 'BMW', 'https://www.supercars.net/blog/wp-content/uploads/2019/12/BMW-Logo.png'),
	(18, 'Volkswagen', 'https://www.supercars.net/blog/wp-content/uploads/2019/12/WILLIMENT-32.png'),
	(19, 'Suzuki', 'https://www.supercars.net/blog/wp-content/uploads/2019/12/Suzuki-Logo.png'),
	(20, 'Mercedes-Benz', 'https://www.supercars.net/blog/wp-content/uploads/2019/12/Mercedes-Logo.png'),
	(21, 'Saab', 'https://www.supercars.net/blog/wp-content/uploads/2019/12/Saab-logo.png'),
	(22, 'Audi', 'https://www.supercars.net/blog/wp-content/uploads/2019/12/Audi-Logo.png'),
	(23, 'Kia', 'https://www.supercars.net/blog/wp-content/uploads/2019/12/KIA-Logo.png'),
	(24, 'Land Rover', 'https://www.supercars.net/blog/wp-content/uploads/2019/12/Land-Rover-Logo.png'),
	(25, 'Dodge', 'https://www.supercars.net/blog/wp-content/uploads/2019/12/Dodge-Logo.png'),
	(26, 'Chrysler', 'https://www.supercars.net/blog/wp-content/uploads/2019/12/Chrysler-Logo-Big.png'),
	(27, 'Ford', 'https://www.supercars.net/blog/wp-content/uploads/2019/12/Ford-Logo.png'),
	(28, 'Hummer', 'https://www.car-logos.org/wp-content/uploads/2011/09/hummer.png'),
	(29, 'Hyundai', 'https://www.supercars.net/blog/wp-content/uploads/2019/12/Hyundai-Logo.png'),
	(30, 'Infiniti', 'https://www.supercars.net/blog/wp-content/uploads/2019/12/Infiniti-logo.png'),
	(31, 'Jaguar', 'https://www.supercars.net/blog/wp-content/uploads/2019/12/Jaguar-Logo.png'),
	(32, 'Jeep', 'https://www.supercars.net/blog/wp-content/uploads/2019/12/Jeep-Logo.png'),
	(33, 'Nissan', 'https://www.supercars.net/blog/wp-content/uploads/2019/12/Nissan-Logo.png'),
	(34, 'Volvo', 'https://www.supercars.net/blog/wp-content/uploads/2019/12/WILLIMENT-36.png'),
	(35, 'Daewoo', 'https://www.supercars.net/blog/wp-content/uploads/2019/12/Daewoo-Logo.png'),
	(36, 'Fiat', 'https://www.supercars.net/blog/wp-content/uploads/2019/12/Fiat-Logo.png'),
	(37, 'MINI', 'https://www.supercars.net/blog/wp-content/uploads/2019/12/Mini-Logo.png'),
	(38, 'Rover', 'https://www.supercars.net/blog/wp-content/uploads/2019/12/Rover-Logo.png'),
	(39, 'Smart', 'https://thumbnail.imgbin.com/16/19/16/imgbin-smart-forfour-smart-fortwo-mercedes-benz-car-benz-logo-xSjUvSbuUFmXUgWZJmRk09hbh_t.jpg'),
	(40, 'Bugatti', NULL);
/*!40000 ALTER TABLE `brands` ENABLE KEYS */;

-- Дъмп структура за таблица fwraptea_smartg.cars
CREATE TABLE IF NOT EXISTS `cars` (
  `id` int(11) NOT NULL AUTO_INCREMENT,
  `model_id` int(11) DEFAULT NULL,
  `engine` varchar(255) DEFAULT NULL,
  `year` varchar(4) DEFAULT NULL,
  `vin` varchar(17) DEFAULT NULL,
  `plate` varchar(8) DEFAULT NULL,
  `transmission` enum('manual','automatic') DEFAULT NULL,
  `customer_id` int(11) DEFAULT NULL,
  `employee_id` int(11) DEFAULT NULL,
  `is_deleted` tinyint(1) DEFAULT NULL,
  PRIMARY KEY (`id`),
  KEY `FK_cars_customers` (`customer_id`),
  KEY `FK_cars_models` (`model_id`),
  CONSTRAINT `FK_cars_customers` FOREIGN KEY (`customer_id`) REFERENCES `users` (`id`),
  CONSTRAINT `FK_cars_models` FOREIGN KEY (`model_id`) REFERENCES `models` (`id`)
) ENGINE=InnoDB AUTO_INCREMENT=62 DEFAULT CHARSET=utf8;


/*!40000 ALTER TABLE `cars` DISABLE KEYS */;
INSERT INTO `cars` (`id`, `model_id`, `engine`, `year`, `vin`, `plate`, `transmission`, `customer_id`, `employee_id`, `is_deleted`) VALUES
	(2, 268, '2.0l DOHC 16v', '2019', '1VWAT7A38EC102310', 'PK9999A', 'manual', 38, 1, 0),
	(3, 21, '1.6 DOHC', '1999', '3FADP4EJ4DM218974', 'CA2776BC', 'manual', 6, 1, 0),
	(4, 408, '2.0l DOHC 16v 1234', '2000', '1GCHK23U73F151524', 'PB2090A', 'manual', 5, 1, 0),
	(5, 129, '2.0l DOHC 16v', '2009', '1J4GW48S11C591217', 'PB2090A', 'manual', 8, 1, 0),
	(6, 49, '2.0l DOHC 16v', '2001', '1N4AA5AP3CC816235', 'C7384CA', 'manual', 15, 1, 0),
	(7, 189, '2.0l DOHC 16v', '2020', '1FTNF21L5XEB40499', 'AC9912B', 'manual', 14, 1, 0),
	(8, 591, '3.3 V6 engine', NULL, '5N1ED28TX2C575580', 'Z2237X', 'manual', 41, NULL, 0),
	(9, 607, '2.8 VR6 engine', '2009', '3FAHP0JG0BR230320', 'J0051R', 'automatic', 17, NULL, 0),
	(10, 32, '1.9 Inline-four engine', '2017', '2B3CL3CG9BH543197', 'РР9271ОВ', 'automatic', 7, NULL, 0),
	(11, 181, '2.3 Inline-four engine', '2012', '3GTEK13M77G523073', 'СС8537КН', 'automatic', 4, NULL, 0),
	(12, 651, '4.6 V8 engine', '2005', '2C3HD36M84H655757', 'СС1498ТХ', 'manual', 46, NULL, 0),
	(13, 758, '1.9 Inline-four engine', '2002', 'JNKCV54EX3M221621', 'РР9485РР', 'manual', 35, NULL, 0),
	(14, 558, '3.0 V6 engine', '2000', '1HGCD563XVA256276', 'СО7561СМ', 'manual', 27, NULL, 0),
	(15, 423, '1.9 Inline-four engine', '2006', '2T1BR32E87C741585', 'ТХ1047ВР', 'manual', 23, NULL, 0),
	(16, 855, '2.8 VR6 engine', '1992', '2FTRX17284CA70909', 'У6317Н', 'automatic', 26, NULL, 0),
	(17, 834, '2.8 VR6 engine', '2010', '4T1BF1FK7DU252649', 'СО2199РА', 'manual', 19, NULL, 0),
	(18, 581, '1.9 Inline-four engine', '1995', '4T1BF1FK7EU753641', 'ЕН9597ЕВ', 'automatic', 29, NULL, 0),
	(19, 214, '2.3 Inline-four engine', '2005', '4T1BF3EKXAU572248', 'М0000ЕВ', 'automatic', 9, NULL, 0),
	(20, 146, '2.3 Inline-four engine', '1992', '3GCPCSE04BG233274', 'ЕВ6464Р', 'manual', 23, NULL, 0),
	(21, 50, '3.0 V6 engine', '1997', '2T1BU4EE8BC628888', 'СТ6171ТХ', 'automatic', 36, NULL, 0),
	(22, 670, '2.8 VR6 engine', '2012', '3GCPCREA8DG100683', 'КН2504ВР', 'manual', 15, NULL, 0),
	(23, 865, '3.3 V6 engine', '2004', '3TMKU4HN0DM037511', 'ТХ5077Х', 'manual', 5, NULL, 0),
	(24, 63, '3.3 V6 engine', '2007', '1N6BD0CT6FN735674', 'Е2752ТХ', 'manual', 37, NULL, 0),
	(25, 624, '1.9 Inline-four engine', '2001', '5NPDH4AE1FH592130', 'С0872ОВ', 'automatic', 16, NULL, 0),
	(26, 22, '2.3 Inline-four engine', '2010', 'JF2GPADC0F8225440', 'К5465ОВ', 'automatic', 29, NULL, 0),
	(27, 461, '3.3 V6 engine', '2017', '2C4RC1BG2FR577562', 'Н5764ВР', 'manual', 59, NULL, 0),
	(28, 814, '2.3 V6 engine', '2012', '1FTYR10D02PB67499', 'СМ6688КН', 'manual', 9, NULL, 0),
	(29, 558, '1.9 Inline-four engine', '2002', '1D7HA18P07S193696', 'Р2961КН', 'manual', 49, NULL, 0),
	(30, 412, '2.3 Inline-four engine', '2014', '1HGES16512L055133', 'ЕВ0864С', 'automatic', 34, NULL, 0),
	(31, 202, '1.5 Inline-four engine', '2001', '1G1ND52J5Y6119872', 'Т5543СН', 'automatic', 41, NULL, 0),
	(32, 5, '3.0 V6 engine', '1990', '1GCCS19W6Y8215609', 'ВТ4105Р', 'automatic', 5, NULL, 0),
	(33, 748, '3.3 V6 engine', '2007', '3GCUKSEC4EG304882', 'СО4908СС', 'automatic', 21, NULL, 0),
	(34, 780, '1.9 Inline-four engine', '2018', '1GKKVRED5CJ101810', 'Р6971ТХ', 'manual', 50, NULL, 0),
	(35, 236, '2.8 VR6 engine', '2019', '3FDXW75H5YMA70778', 'Н6138ТХ', 'manual', 8, NULL, 0),
	(36, 154, '2.0l DOHC 16v', '2011', '2GTEC13T851367183', 'pp1234c', 'manual', 3, NULL, 0),
	(37, 623, '1.9 Inline-four engine', '2010', '1J8GR48K77C588014', 'p1234ca', 'automatic', 52, NULL, 0),
	(38, 836, '1.9 Inline-four engine', '1991', '1FMYU92104KA30154', 'КН7580РК', 'automatic', 49, NULL, 0),
	(39, 644, '2.3 Inline-four engine', '2001', '1ZVHT80N575232396', 'ОВ3727СМ', 'manual', 16, NULL, 0),
	(40, 893, '1.5 Inline-four engine', '2022', 'JNKCV54E56M702901', 'TELERIK', 'manual', 1, NULL, 0),
	(41, 462, '1.9 Inline-four engine', '1990', 'WDDGF4HB2DA856366', 'М9607Т', 'automatic', 9, NULL, 0),
	(42, 348, '1.5 Inline-four engine', '1996', '1J4GL48K66W199011', 'ОВ7217С', 'manual', 49, NULL, 0),
	(43, 484, '3.3 V6 engine', '2017', 'JT8BF28G710321229', 'СТ3103СН', 'automatic', 59, NULL, 0),
	(44, 747, '1.5 Inline-four engine', '1995', '3FAHP0JG0BR230320', 'СС1637ЕВ', 'manual', 7, NULL, 0),
	(45, 347, '2.3 Inline-four engine', '1993', '2T1BU4EE9DC953908', 'К2771СС', 'automatic', 4, NULL, 0),
	(46, 496, '1.5 Inline-four engine', '1997', '1FTFW1CV3AFD10888', 'Е5121ВР', 'automatic', 17, NULL, 0),
	(47, 321, '3.0 V6 engine', '1994', '2T2BK1BA0FC279183', 'Н0916ВТ', 'automatic', 9, NULL, 0),
	(48, 740, '2.3 Inline-four engine', '2003', 'WBADW7C59BE545035', 'С3108Х', 'manual', 52, NULL, 0),
	(49, 892, '3.3 V6 engine', '1992', '1G6KF57982U257091', 'ВР5388РА', 'manual', 41, NULL, 0),
	(50, 749, '1.9 Inline-four engine', '2020', '1HGCP26368A165967', 'РВ4801Р', 'automatic', 39, NULL, 0),
	(51, 46, '2.3 V6 engine', '2008', '5N1ED28TX2C575580', 'КН7092ТХ', 'manual', 1, NULL, 0),
	(52, 21, '1.6 DOHC', '2000', '3FADP4EJ4DM218974', 'p2776bc', 'manual', 14, NULL, NULL),
	(53, 145, '2.0l DOHC 16v', '2007', '1GCHK23U73F151524', 'AC9912B', 'manual', 3, NULL, NULL),
	(54, 147, '2.0l DOHC 16v', '2007', '1FTNF21L5XEB40499', 'AC9912B', 'manual', 3, NULL, NULL),
	(55, 147, '2.0l DOHC 16v', '2007', '1GCHK23U73F151524', 'PB2090A', 'manual', 8, NULL, NULL),
	(56, 149, '2.0l DOHC 16v', '2007', '1FTNF21L5XEB40499', 'PB2090A', 'automatic', 5, NULL, NULL),
	(57, 147, '2.0l DOHC 16v', '2018', '1GCHK23U73F151524', 'AC9912B', 'manual', 3, NULL, NULL),
	(58, 145, '2.0l DOHC 16v', '2007', '1GCHK23U73F151524', 'PB2090A', 'manual', 58, NULL, NULL),
	(59, 122, '2.0l DOHC 16v', '2007', '1GCHK23U73F151524', 'PK9999A', 'manual', 7, NULL, NULL),
	(60, 108, '2.0l DOHC 16v', '2007', '1FTNF21L5XEB40499', 'PB2090A', 'automatic', 5, NULL, NULL),
	(61, 542, 'Diesel', '2011', '12346578911234568', 'EH3666BC', 'manual', 15, NULL, NULL);
/*!40000 ALTER TABLE `cars` ENABLE KEYS */;

-- Дъмп структура за таблица fwraptea_smartg.garages
CREATE TABLE IF NOT EXISTS `garages` (
  `id` int(11) NOT NULL AUTO_INCREMENT,
  `address` varchar(100) DEFAULT NULL,
  PRIMARY KEY (`id`)
) ENGINE=InnoDB DEFAULT CHARSET=utf8;


/*!40000 ALTER TABLE `garages` DISABLE KEYS */;
/*!40000 ALTER TABLE `garages` ENABLE KEYS */;


CREATE TABLE IF NOT EXISTS `html_templates` (
  `id` int(11) NOT NULL AUTO_INCREMENT,
  `name` varchar(50) NOT NULL,
  `HTML` text NOT NULL,
  `subject` varchar(255) DEFAULT NULL,
  `text` text DEFAULT NULL,
  PRIMARY KEY (`id`)
) ENGINE=InnoDB AUTO_INCREMENT=8 DEFAULT CHARSET=utf8;


/*!40000 ALTER TABLE `html_templates` DISABLE KEYS */;
INSERT INTO `html_templates` (`id`, `name`, `HTML`, `subject`, `text`) VALUES
	(1, 'invoice', '<!DOCTYPE html>\r\n<html lang="en">\r\n\r\n<head>\r\n  <meta charset="UTF-8">\r\n  <meta http-equiv="X-UA-Compatible" content="IE=edge">\r\n  <meta name="viewport" content="width=device-width, initial-scale=1.0">\r\n  <title>Invoice ##INV_NUM##</title>\r\n  <style>\r\n    body {\r\n      padding: 5em\r\n    }\r\n\r\n    .title {\r\n      color: red\r\n    }\r\n  </style>\r\n</head>\r\n\r\n<body>\r\n  <table>\r\n    <tbody>\r\n      <tr>\r\n        <td>asd</td>\r\n        <td class="title"><strong>##FIRST_NAME##</strong></td>\r\n        <td>##ORDER_ID##</td>\r\n      </tr>\r\n      <tr>\r\n        <td>&nbsp;</td>\r\n        <td>Svetlio</td>\r\n        <td><strong>Stani</strong></td>\r\n      </tr>\r\n    </tbody>\r\n  </table>\r\n</body>\r\n\r\n</html>', NULL, NULL),
	(2, 'newUser', '<h3><strong>Your registration was successful</strong>,</h3>\r\n<p>&nbsp;</p>\r\n<p>Welcome to <strong>SmartG garage!</strong></p>\r\n<p>&nbsp;</p>\r\n<p>Your username: ##email##</p>\r\n<p>Your password: ##password##</p>\r\n<p><br /><a href="##link##">To Your Account</a></p>', 'New registration at Smartg', 'alabala'),
	(3, 'forgotten', '<h2>Your password have been regenerated!</h2>    \r\n<div>Pleas login <a href="http://localhost:3000/login">HERE</a><br><br>\r\n	Email: ##email##<br>	\r\n	Your new password: ##password##\r\n    </div>', 'Forgotten password at SmartG', NULL),
	(4, 'forgottenPasswordRequest', '<h3><strong>Hi, </strong></h3>\r\n<p>We have received your password reset request.</p>\r\n<p>Please click the link below to change your password.<br /><a href="##link##">RESET PASSWORD</a><br />If you did not request for your password to be reset, please ignore this message.</p>\r\n', 'Password change', NULL),
	(5, 'header', '<!DOCTYPE html>\r\n<html lang="en">\r\n\r\n<head>\r\n  <meta charset="UTF-8">\r\n  <meta http-equiv="X-UA-Compatible" content="IE=edge">\r\n  <meta name="viewport" content="width=device-width, initial-scale=1.0">\r\n\r\n</head>\r\n\r\n<body>\r\n<img width="250" src="http://smartg.online/images/logo-smartg-online.png" />\r\n<hr>', NULL, NULL),
	(6, 'footer', '<hr/>\r\n<p>Your SmartG team!</p>\r\n<p>&nbsp;</p>\r\n<p>This email was generated automatically. A direct reply to this email will not be processed. Print or save this e-mail for further reference. Should you have any queries about your order, please visit our Help Centre.</p>\r\n</body>\r\n\r\n</html>', NULL, NULL);
/*!40000 ALTER TABLE `html_templates` ENABLE KEYS */;


CREATE TABLE IF NOT EXISTS `models` (
  `id` int(11) NOT NULL AUTO_INCREMENT,
  `name` varchar(45) DEFAULT NULL,
  `brand_id` varchar(45) NOT NULL,
  `is_deleted` int(11) DEFAULT 0,
  PRIMARY KEY (`id`)
) ENGINE=InnoDB AUTO_INCREMENT=894 DEFAULT CHARSET=utf8;


/*!40000 ALTER TABLE `models` DISABLE KEYS */;
INSERT INTO `models` (`id`, `name`, `brand_id`, `is_deleted`) VALUES
	(1, 'Alhambra', '1', 0),
	(2, 'Altea', '1', 0),
	(3, 'Altea XL', '1', 0),
	(4, 'Arosa', '1', 0),
	(5, 'Cordoba', '1', 0),
	(6, 'Cordoba Vario', '1', 0),
	(7, 'Exeo', '1', 0),
	(8, 'Ibiza', '1', 0),
	(9, 'Ibiza ST', '1', 0),
	(10, 'Exeo ST', '1', 0),
	(11, 'Leon', '1', 0),
	(12, 'Leon ST', '1', 0),
	(13, 'Inca', '1', 0),
	(14, 'Mii', '1', 0),
	(15, 'Toledo', '1', 0),
	(16, 'Captur', '2', 0),
	(17, 'Clio', '2', 0),
	(18, 'Clio Grandtour', '2', 0),
	(19, 'Espace', '2', 0),
	(20, 'Express', '2', 0),
	(21, 'Fluence', '2', 0),
	(22, 'Grand Espace', '2', 0),
	(23, 'Grand Modus', '2', 0),
	(24, 'Grand Scenic', '2', 0),
	(25, 'Kadjar', '2', 0),
	(26, 'Kangoo', '2', 0),
	(27, 'Kangoo Express', '2', 0),
	(28, 'Koleos', '2', 0),
	(29, 'Laguna', '2', 0),
	(30, 'Laguna Grandtour', '2', 0),
	(31, 'Latitude', '2', 0),
	(32, 'Mascott', '2', 0),
	(33, 'Mégane', '2', 0),
	(34, 'Mégane CC', '2', 0),
	(35, 'Mégane Combi', '2', 0),
	(36, 'Mégane Grandtour', '2', 0),
	(37, 'Mégane Coupé', '2', 0),
	(38, 'Mégane Scénic', '2', 0),
	(39, 'Scénic', '2', 0),
	(40, 'Talisman', '2', 0),
	(41, 'Talisman Grandtour', '2', 0),
	(42, 'Thalia', '2', 0),
	(43, 'Twingo', '2', 0),
	(44, 'Wind', '2', 0),
	(45, 'Zoé', '2', 0),
	(46, '1007', '3', 0),
	(47, '107', '3', 0),
	(48, '106', '3', 0),
	(49, '108', '3', 0),
	(50, '2008', '3', 0),
	(51, '205', '3', 0),
	(52, '205 Cabrio', '3', 0),
	(53, '206', '3', 0),
	(54, '206 CC', '3', 0),
	(55, '206 SW', '3', 0),
	(56, '207', '3', 0),
	(57, '207 CC', '3', 0),
	(58, '207 SW', '3', 0),
	(59, '306', '3', 0),
	(60, '307', '3', 0),
	(61, '307 CC', '3', 0),
	(62, '307 SW', '3', 0),
	(63, '308', '3', 0),
	(64, '308 CC', '3', 0),
	(65, '308 SW', '3', 0),
	(66, '309', '3', 0),
	(67, '4007', '3', 0),
	(68, '4008', '3', 0),
	(69, '405', '3', 0),
	(70, '406', '3', 0),
	(71, '407', '3', 0),
	(72, '407 SW', '3', 0),
	(73, '5008', '3', 0),
	(74, '508', '3', 0),
	(75, '508 SW', '3', 0),
	(76, '605', '3', 0),
	(77, '806', '3', 0),
	(78, '607', '3', 0),
	(79, '807', '3', 0),
	(80, 'Bipper', '3', 0),
	(81, 'RCZ', '3', 0),
	(82, 'Dokker', '4', 0),
	(83, 'Duster', '4', 0),
	(84, 'Lodgy', '4', 0),
	(85, 'Logan', '4', 0),
	(86, 'Logan MCV', '4', 0),
	(87, 'Logan Van', '4', 0),
	(88, 'Sandero', '4', 0),
	(89, 'Solenza', '4', 0),
	(90, 'Berlingo', '5', 0),
	(91, 'C-Crosser', '5', 0),
	(92, 'C-Elissée', '5', 0),
	(93, 'C-Zero', '5', 0),
	(94, 'C1', '5', 0),
	(95, 'C2', '5', 0),
	(96, 'C3', '5', 0),
	(97, 'C3 Picasso', '5', 0),
	(98, 'C4', '5', 0),
	(99, 'C4 Aircross', '5', 0),
	(100, 'C4 Cactus', '5', 0),
	(101, 'C4 Coupé', '5', 0),
	(102, 'C4 Grand Picasso', '5', 0),
	(103, 'C4 Sedan', '5', 0),
	(104, 'C5', '5', 0),
	(105, 'C5 Break', '5', 0),
	(106, 'C5 Tourer', '5', 0),
	(107, 'C6', '5', 0),
	(108, 'C8', '5', 0),
	(109, 'DS3', '5', 0),
	(110, 'DS4', '5', 0),
	(111, 'DS5', '5', 0),
	(112, 'Evasion', '5', 0),
	(113, 'Jumper', '5', 0),
	(114, 'Jumpy', '5', 0),
	(115, 'Saxo', '5', 0),
	(116, 'Nemo', '5', 0),
	(117, 'Xantia', '5', 0),
	(118, 'Xsara', '5', 0),
	(119, 'Agila', '6', 0),
	(120, 'Ampera', '6', 0),
	(121, 'Antara', '6', 0),
	(122, 'Astra', '6', 0),
	(123, 'Astra cabrio', '6', 0),
	(124, 'Astra caravan', '6', 0),
	(125, 'Astra coupé', '6', 0),
	(126, 'Calibra', '6', 0),
	(127, 'Campo', '6', 0),
	(128, 'Cascada', '6', 0),
	(129, 'Corsa', '6', 0),
	(130, 'Frontera', '6', 0),
	(131, 'Insignia', '6', 0),
	(132, 'Insignia kombi', '6', 0),
	(133, 'Kadett', '6', 0),
	(134, 'Meriva', '6', 0),
	(135, 'Mokka', '6', 0),
	(136, 'Movano', '6', 0),
	(137, 'Omega', '6', 0),
	(138, 'Signum', '6', 0),
	(139, 'Vectra', '6', 0),
	(140, 'Vectra Caravan', '6', 0),
	(141, 'Vivaro', '6', 0),
	(142, 'Vivaro Kombi', '6', 0),
	(143, 'Zafira', '6', 0),
	(144, '145', '7', 0),
	(145, '146', '7', 0),
	(146, '147', '7', 0),
	(147, '155', '7', 0),
	(148, '156', '7', 0),
	(149, '156 Sportwagon', '7', 0),
	(150, '159', '7', 0),
	(151, '159 Sportwagon', '7', 0),
	(152, '164', '7', 0),
	(153, '166', '7', 0),
	(154, '4C', '7', 0),
	(155, 'Brera', '7', 0),
	(156, 'GTV', '7', 0),
	(157, 'MiTo', '7', 0),
	(158, 'Crosswagon', '7', 0),
	(159, 'Spider', '7', 0),
	(160, 'GT', '7', 0),
	(161, 'Giulietta', '7', 0),
	(162, 'Giulia', '7', 0),
	(163, 'Favorit', '8', 0),
	(164, 'Felicia', '8', 0),
	(165, 'Citigo', '8', 0),
	(166, 'Fabia', '8', 0),
	(167, 'Fabia Combi', '8', 0),
	(168, 'Fabia Sedan', '8', 0),
	(169, 'Felicia Combi', '8', 0),
	(170, 'Octavia', '8', 0),
	(171, 'Octavia Combi', '8', 0),
	(172, 'Roomster', '8', 0),
	(173, 'Yeti', '8', 0),
	(174, 'Rapid', '8', 0),
	(175, 'Rapid Spaceback', '8', 0),
	(176, 'Superb', '8', 0),
	(177, 'Superb Combi', '8', 0),
	(178, 'Alero', '9', 0),
	(179, 'Aveo', '9', 0),
	(180, 'Camaro', '9', 0),
	(181, 'Captiva', '9', 0),
	(182, 'Corvette', '9', 0),
	(183, 'Cruze', '9', 0),
	(184, 'Cruze SW', '9', 0),
	(185, 'Epica', '9', 0),
	(186, 'Equinox', '9', 0),
	(187, 'Evanda', '9', 0),
	(188, 'HHR', '9', 0),
	(189, 'Kalos', '9', 0),
	(190, 'Lacetti', '9', 0),
	(191, 'Lacetti SW', '9', 0),
	(192, 'Lumina', '9', 0),
	(193, 'Malibu', '9', 0),
	(194, 'Matiz', '9', 0),
	(195, 'Monte Carlo', '9', 0),
	(196, 'Nubira', '9', 0),
	(197, 'Orlando', '9', 0),
	(198, 'Spark', '9', 0),
	(199, 'Suburban', '9', 0),
	(200, 'Tacuma', '9', 0),
	(201, 'Tahoe', '9', 0),
	(202, 'Trax', '9', 0),
	(203, '911 Carrera', '10', 0),
	(204, '911 Carrera Cabrio', '10', 0),
	(205, '911 Targa', '10', 0),
	(206, '911 Turbo', '10', 0),
	(207, '924', '10', 0),
	(208, '944', '10', 0),
	(209, '997', '10', 0),
	(210, 'Boxster', '10', 0),
	(211, 'Cayenne', '10', 0),
	(212, 'Cayman', '10', 0),
	(213, 'Macan', '10', 0),
	(214, 'Panamera', '10', 0),
	(215, 'Accord', '11', 0),
	(216, 'Accord Coupé', '11', 0),
	(217, 'Accord Tourer', '11', 0),
	(218, 'City', '11', 0),
	(219, 'Civic', '11', 0),
	(220, 'Civic Aerodeck', '11', 0),
	(221, 'Civic Coupé', '11', 0),
	(222, 'Civic Tourer', '11', 0),
	(223, 'Civic Type R', '11', 0),
	(224, 'CR-V', '11', 0),
	(225, 'CR-X', '11', 0),
	(226, 'CR-Z', '11', 0),
	(227, 'FR-V', '11', 0),
	(228, 'HR-V', '11', 0),
	(229, 'Insight', '11', 0),
	(230, 'Integra', '11', 0),
	(231, 'Jazz', '11', 0),
	(232, 'Legend', '11', 0),
	(233, 'Prelude', '11', 0),
	(234, 'BRZ', '12', 0),
	(235, 'Forester', '12', 0),
	(236, 'Impreza', '12', 0),
	(237, 'Impreza Wagon', '12', 0),
	(238, 'Justy', '12', 0),
	(239, 'Legacy', '12', 0),
	(240, 'Legacy Wagon', '12', 0),
	(241, 'Legacy Outback', '12', 0),
	(242, 'Levorg', '12', 0),
	(243, 'Outback', '12', 0),
	(244, 'SVX', '12', 0),
	(245, 'Tribeca', '12', 0),
	(246, 'Tribeca B9', '12', 0),
	(247, 'XV', '12', 0),
	(248, '121', '13', 0),
	(249, '2', '13', 0),
	(250, '3', '13', 0),
	(251, '323', '13', 0),
	(252, '323 Combi', '13', 0),
	(253, '323 Coupé', '13', 0),
	(254, '323 F', '13', 0),
	(255, '5', '13', 0),
	(256, '6', '13', 0),
	(257, '6 Combi', '13', 0),
	(258, '626', '13', 0),
	(259, '626 Combi', '13', 0),
	(260, 'B-Fighter', '13', 0),
	(261, 'B2500', '13', 0),
	(262, 'BT', '13', 0),
	(263, 'CX-3', '13', 0),
	(264, 'CX-5', '13', 0),
	(265, 'CX-7', '13', 0),
	(266, 'CX-9', '13', 0),
	(267, 'Demio', '13', 0),
	(268, 'MPV', '13', 0),
	(269, 'MX-3', '13', 0),
	(270, 'MX-5', '13', 0),
	(271, 'MX-6', '13', 0),
	(272, 'Premacy', '13', 0),
	(273, 'RX-7', '13', 0),
	(274, 'RX-8', '13', 0),
	(275, 'Xedox 6', '13', 0),
	(276, '3000 GT', '14', 0),
	(277, 'ASX', '14', 0),
	(278, 'Carisma', '14', 0),
	(279, 'Colt', '14', 0),
	(280, 'Colt CC', '14', 0),
	(281, 'Eclipse', '14', 0),
	(282, 'Fuso canter', '14', 0),
	(283, 'Galant', '14', 0),
	(284, 'Galant Combi', '14', 0),
	(285, 'Grandis', '14', 0),
	(286, 'L200', '14', 0),
	(287, 'L200 Pick up', '14', 0),
	(288, 'L200 Pick up Allrad', '14', 0),
	(289, 'L300', '14', 0),
	(290, 'Lancer', '14', 0),
	(291, 'Lancer Combi', '14', 0),
	(292, 'Lancer Evo', '14', 0),
	(293, 'Lancer Sportback', '14', 0),
	(294, 'Outlander', '14', 0),
	(295, 'Pajero', '14', 0),
	(296, 'Pajeto Pinin', '14', 0),
	(297, 'Pajero Pinin Wagon', '14', 0),
	(298, 'Pajero Sport', '14', 0),
	(299, 'Pajero Wagon', '14', 0),
	(300, 'Space Star', '14', 0),
	(301, 'CT', '15', 0),
	(302, 'GS', '15', 0),
	(303, 'GS 300', '15', 0),
	(304, 'GX', '15', 0),
	(305, 'IS', '15', 0),
	(306, 'IS 200', '15', 0),
	(307, 'IS 250 C', '15', 0),
	(308, 'IS-F', '15', 0),
	(309, 'LS', '15', 0),
	(310, 'LX', '15', 0),
	(311, 'NX', '15', 0),
	(312, 'RC F', '15', 0),
	(313, 'RX', '15', 0),
	(314, 'RX 300', '15', 0),
	(315, 'RX 400h', '15', 0),
	(316, 'RX 450h', '15', 0),
	(317, 'SC 430', '15', 0),
	(318, '4-Runner', '16', 0),
	(319, 'Auris', '16', 0),
	(320, 'Avensis', '16', 0),
	(321, 'Avensis Combi', '16', 0),
	(322, 'Avensis Van Verso', '16', 0),
	(323, 'Aygo', '16', 0),
	(324, 'Camry', '16', 0),
	(325, 'Carina', '16', 0),
	(326, 'Celica', '16', 0),
	(327, 'Corolla', '16', 0),
	(328, 'Corolla Combi', '16', 0),
	(329, 'Corolla sedan', '16', 0),
	(330, 'Corolla Verso', '16', 0),
	(331, 'FJ Cruiser', '16', 0),
	(332, 'GT86', '16', 0),
	(333, 'Hiace', '16', 0),
	(334, 'Hiace Van', '16', 0),
	(335, 'Highlander', '16', 0),
	(336, 'Hilux', '16', 0),
	(337, 'Land Cruiser', '16', 0),
	(338, 'MR2', '16', 0),
	(339, 'Paseo', '16', 0),
	(340, 'Picnic', '16', 0),
	(341, 'Prius', '16', 0),
	(342, 'RAV4', '16', 0),
	(343, 'Sequoia', '16', 0),
	(344, 'Starlet', '16', 0),
	(345, 'Supra', '16', 0),
	(346, 'Tundra', '16', 0),
	(347, 'Urban Cruiser', '16', 0),
	(348, 'Verso', '16', 0),
	(349, 'Yaris', '16', 0),
	(350, 'Yaris Verso', '16', 0),
	(351, 'i3', '17', 0),
	(352, 'i8', '17', 0),
	(353, 'M3', '17', 0),
	(354, 'M4', '17', 0),
	(355, 'M5', '17', 0),
	(356, 'M6', '17', 0),
	(357, 'Rad 1', '17', 0),
	(358, 'Rad 1 Cabrio', '17', 0),
	(359, 'Rad 1 Coupé', '17', 0),
	(360, 'Rad 2', '17', 0),
	(361, 'Rad 2 Active Tourer', '17', 0),
	(362, 'Rad 2 Coupé', '17', 0),
	(363, 'Rad 2 Gran Tourer', '17', 0),
	(364, 'Rad 3', '17', 0),
	(365, 'Rad 3 Cabrio', '17', 0),
	(366, 'Rad 3 Compact', '17', 0),
	(367, 'Rad 3 Coupé', '17', 0),
	(368, 'Rad 3 GT', '17', 0),
	(369, 'Rad 3 Touring', '17', 0),
	(370, 'Rad 4', '17', 0),
	(371, 'Rad 4 Cabrio', '17', 0),
	(372, 'Rad 4 Gran Coupé', '17', 0),
	(373, 'Rad 5', '17', 0),
	(374, 'Rad 5 GT', '17', 0),
	(375, 'Rad 5 Touring', '17', 0),
	(376, 'Rad 6', '17', 0),
	(377, 'Rad 6 Cabrio', '17', 0),
	(378, 'Rad 6 Coupé', '17', 0),
	(379, 'Rad 6 Gran Coupé', '17', 0),
	(380, 'Rad 7', '17', 0),
	(381, 'Rad 8 Coupé', '17', 0),
	(382, 'X1', '17', 0),
	(383, 'X3', '17', 0),
	(384, 'X4', '17', 0),
	(385, 'X5', '17', 0),
	(386, 'X6', '17', 0),
	(387, 'Z3', '17', 0),
	(388, 'Z3 Coupé', '17', 0),
	(389, 'Z3 Roadster', '17', 0),
	(390, 'Z4', '17', 0),
	(391, 'Z4 Roadster', '17', 0),
	(392, 'Amarok', '18', 0),
	(393, 'Beetle', '18', 0),
	(394, 'Bora', '18', 0),
	(395, 'Bora Variant', '18', 0),
	(396, 'Caddy', '18', 0),
	(397, 'Caddy Van', '18', 0),
	(398, 'Life', '18', 0),
	(399, 'California', '18', 0),
	(400, 'Caravelle', '18', 0),
	(401, 'CC', '18', 0),
	(402, 'Crafter', '18', 0),
	(403, 'Crafter Van', '18', 0),
	(404, 'Crafter Kombi', '18', 0),
	(405, 'CrossTouran', '18', 0),
	(406, 'Eos', '18', 0),
	(407, 'Fox', '18', 0),
	(408, 'Golf', '18', 0),
	(409, 'Golf Cabrio', '18', 0),
	(410, 'Golf Plus', '18', 0),
	(411, 'Golf Sportvan', '18', 0),
	(412, 'Golf Variant', '18', 0),
	(413, 'Jetta', '18', 0),
	(414, 'LT', '18', 0),
	(415, 'Lupo', '18', 0),
	(416, 'Multivan', '18', 0),
	(417, 'New Beetle', '18', 0),
	(418, 'New Beetle Cabrio', '18', 0),
	(419, 'Passat', '18', 0),
	(420, 'Passat Alltrack', '18', 0),
	(421, 'Passat CC', '18', 0),
	(422, 'Passat Variant', '18', 0),
	(423, 'Passat Variant Van', '18', 0),
	(424, 'Phaeton', '18', 0),
	(425, 'Polo', '18', 0),
	(426, 'Polo Van', '18', 0),
	(427, 'Polo Variant', '18', 0),
	(428, 'Scirocco', '18', 0),
	(429, 'Sharan', '18', 0),
	(430, 'T4', '18', 0),
	(431, 'T4 Caravelle', '18', 0),
	(432, 'T4 Multivan', '18', 0),
	(433, 'T5', '18', 0),
	(434, 'T5 Caravelle', '18', 0),
	(435, 'T5 Multivan', '18', 0),
	(436, 'T5 Transporter Shuttle', '18', 0),
	(437, 'Tiguan', '18', 0),
	(438, 'Touareg', '18', 0),
	(439, 'Touran', '18', 0),
	(440, 'Alto', '19', 0),
	(441, 'Baleno', '19', 0),
	(442, 'Baleno kombi', '19', 0),
	(443, 'Grand Vitara', '19', 0),
	(444, 'Grand Vitara XL-7', '19', 0),
	(445, 'Ignis', '19', 0),
	(446, 'Jimny', '19', 0),
	(447, 'Kizashi', '19', 0),
	(448, 'Liana', '19', 0),
	(449, 'Samurai', '19', 0),
	(450, 'Splash', '19', 0),
	(451, 'Swift', '19', 0),
	(452, 'SX4', '19', 0),
	(453, 'SX4 Sedan', '19', 0),
	(454, 'Vitara', '19', 0),
	(455, 'Wagon R+', '19', 0),
	(456, '100 D', '20', 0),
	(457, '115', '20', 0),
	(458, '124', '20', 0),
	(459, '126', '20', 0),
	(460, '190', '20', 0),
	(461, '190 D', '20', 0),
	(462, '190 E', '20', 0),
	(463, '200 - 300', '20', 0),
	(464, '200 D', '20', 0),
	(465, '200 E', '20', 0),
	(466, '210 Van', '20', 0),
	(467, '210 kombi', '20', 0),
	(468, '310 Van', '20', 0),
	(469, '310 kombi', '20', 0),
	(470, '230 - 300 CE Coupé', '20', 0),
	(471, '260 - 560 SE', '20', 0),
	(472, '260 - 560 SEL', '20', 0),
	(473, '500 - 600 SEC Coupé', '20', 0),
	(474, 'Trieda A', '20', 0),
	(475, 'A', '20', 0),
	(476, 'A L', '20', 0),
	(477, 'AMG GT', '20', 0),
	(478, 'Trieda B', '20', 0),
	(479, 'Trieda C', '20', 0),
	(480, 'C', '20', 0),
	(481, 'C Sportcoupé', '20', 0),
	(482, 'C T', '20', 0),
	(483, 'Citan', '20', 0),
	(484, 'CL', '20', 0),
	(485, 'CL', '20', 0),
	(486, 'CLA', '20', 0),
	(487, 'CLC', '20', 0),
	(488, 'CLK Cabrio', '20', 0),
	(489, 'CLK Coupé', '20', 0),
	(490, 'CLS', '20', 0),
	(491, 'Trieda E', '20', 0),
	(492, 'E', '20', 0),
	(493, 'E Cabrio', '20', 0),
	(494, 'E Coupé', '20', 0),
	(495, 'E T', '20', 0),
	(496, 'Trieda G', '20', 0),
	(497, 'G Cabrio', '20', 0),
	(498, 'GL', '20', 0),
	(499, 'GLA', '20', 0),
	(500, 'GLC', '20', 0),
	(501, 'GLE', '20', 0),
	(502, 'GLK', '20', 0),
	(503, 'Trieda M', '20', 0),
	(504, 'MB 100', '20', 0),
	(505, 'Trieda R', '20', 0),
	(506, 'Trieda S', '20', 0),
	(507, 'S', '20', 0),
	(508, 'S Coupé', '20', 0),
	(509, 'SL', '20', 0),
	(510, 'SLC', '20', 0),
	(511, 'SLK', '20', 0),
	(512, 'SLR', '20', 0),
	(513, 'Sprinter', '20', 0),
	(514, '9-3', '21', 0),
	(515, '9-3 Cabriolet', '21', 0),
	(516, '9-3 Coupé', '21', 0),
	(517, '9-3 SportCombi', '21', 0),
	(518, '9-5', '21', 0),
	(519, '9-5 SportCombi', '21', 0),
	(520, '900', '21', 0),
	(521, '900 C', '21', 0),
	(522, '900 C Turbo', '21', 0),
	(523, '9000', '21', 0),
	(524, '100', '22', 0),
	(525, '100 Avant', '22', 0),
	(526, '80', '22', 0),
	(527, '80 Avant', '22', 0),
	(528, '80 Cabrio', '22', 0),
	(529, '90', '22', 0),
	(530, 'A1', '22', 0),
	(531, 'A2', '22', 0),
	(532, 'A3', '22', 0),
	(533, 'A3 Cabriolet', '22', 0),
	(534, 'A3 Limuzina', '22', 0),
	(535, 'A3 Sportback', '22', 0),
	(536, 'A4', '22', 0),
	(537, 'A4 Allroad', '22', 0),
	(538, 'A4 Avant', '22', 0),
	(539, 'A4 Cabriolet', '22', 0),
	(540, 'A5', '22', 0),
	(541, 'A5 Cabriolet', '22', 0),
	(542, 'A5 Sportback', '22', 0),
	(543, 'A6', '22', 0),
	(544, 'A6 Allroad', '22', 0),
	(545, 'A6 Avant', '22', 0),
	(546, 'A7', '22', 0),
	(547, 'A8', '22', 0),
	(548, 'A8 Long', '22', 0),
	(549, 'Q3', '22', 0),
	(550, 'Q5', '22', 0),
	(551, 'Q7', '22', 0),
	(552, 'R8', '22', 0),
	(553, 'RS4 Cabriolet', '22', 0),
	(554, 'RS4/RS4 Avant', '22', 0),
	(555, 'RS5', '22', 0),
	(556, 'RS6 Avant', '22', 0),
	(557, 'RS7', '22', 0),
	(558, 'S3/S3 Sportback', '22', 0),
	(559, 'S4 Cabriolet', '22', 0),
	(560, 'S4/S4 Avant', '22', 0),
	(561, 'S5/S5 Cabriolet', '22', 0),
	(562, 'S6/RS6', '22', 0),
	(563, 'S7', '22', 0),
	(564, 'S8', '22', 0),
	(565, 'SQ5', '22', 0),
	(566, 'TT Coupé', '22', 0),
	(567, 'TT Roadster', '22', 0),
	(568, 'TTS', '22', 0),
	(569, 'Avella', '23', 0),
	(570, 'Besta', '23', 0),
	(571, 'Carens', '23', 0),
	(572, 'Carnival', '23', 0),
	(573, 'Cee`d', '23', 0),
	(574, 'Cee`d SW', '23', 0),
	(575, 'Cerato', '23', 0),
	(576, 'K 2500', '23', 0),
	(577, 'Magentis', '23', 0),
	(578, 'Opirus', '23', 0),
	(579, 'Optima', '23', 0),
	(580, 'Picanto', '23', 0),
	(581, 'Pregio', '23', 0),
	(582, 'Pride', '23', 0),
	(583, 'Pro Cee`d', '23', 0),
	(584, 'Rio', '23', 0),
	(585, 'Rio Combi', '23', 0),
	(586, 'Rio sedan', '23', 0),
	(587, 'Sephia', '23', 0),
	(588, 'Shuma', '23', 0),
	(589, 'Sorento', '23', 0),
	(590, 'Soul', '23', 0),
	(591, 'Sportage', '23', 0),
	(592, 'Venga', '23', 0),
	(593, '109', '24', 0),
	(594, 'Defender', '24', 0),
	(595, 'Discovery', '24', 0),
	(596, 'Discovery Sport', '24', 0),
	(597, 'Freelander', '24', 0),
	(598, 'Range Rover', '24', 0),
	(599, 'Range Rover Evoque', '24', 0),
	(600, 'Range Rover Sport', '24', 0),
	(601, 'Avenger', '25', 0),
	(602, 'Caliber', '25', 0),
	(603, 'Challenger', '25', 0),
	(604, 'Charger', '25', 0),
	(605, 'Grand Caravan', '25', 0),
	(606, 'Journey', '25', 0),
	(607, 'Magnum', '25', 0),
	(608, 'Nitro', '25', 0),
	(609, 'RAM', '25', 0),
	(610, 'Stealth', '25', 0),
	(611, 'Viper', '25', 0),
	(612, '300 C', '26', 0),
	(613, '300 C Touring', '26', 0),
	(614, '300 M', '26', 0),
	(615, 'Crossfire', '26', 0),
	(616, 'Grand Voyager', '26', 0),
	(617, 'LHS', '26', 0),
	(618, 'Neon', '26', 0),
	(619, 'Pacifica', '26', 0),
	(620, 'Plymouth', '26', 0),
	(621, 'PT Cruiser', '26', 0),
	(622, 'Sebring', '26', 0),
	(623, 'Sebring Convertible', '26', 0),
	(624, 'Stratus', '26', 0),
	(625, 'Stratus Cabrio', '26', 0),
	(626, 'Town & Country', '26', 0),
	(627, 'Voyager', '26', 0),
	(628, 'Aerostar', '27', 0),
	(629, 'B-Max', '27', 0),
	(630, 'C-Max', '27', 0),
	(631, 'Cortina', '27', 0),
	(632, 'Cougar', '27', 0),
	(633, 'Edge', '27', 0),
	(634, 'Escort', '27', 0),
	(635, 'Escort Cabrio', '27', 0),
	(636, 'Escort kombi', '27', 0),
	(637, 'Explorer', '27', 0),
	(638, 'F-150', '27', 0),
	(639, 'F-250', '27', 0),
	(640, 'Fiesta', '27', 0),
	(641, 'Focus', '27', 0),
	(642, 'Focus C-Max', '27', 0),
	(643, 'Focus CC', '27', 0),
	(644, 'Focus kombi', '27', 0),
	(645, 'Fusion', '27', 0),
	(646, 'Galaxy', '27', 0),
	(647, 'Grand C-Max', '27', 0),
	(648, 'Ka', '27', 0),
	(649, 'Kuga', '27', 0),
	(650, 'Maverick', '27', 0),
	(651, 'Mondeo', '27', 0),
	(652, 'Mondeo Combi', '27', 0),
	(653, 'Mustang', '27', 0),
	(654, 'Orion', '27', 0),
	(655, 'Puma', '27', 0),
	(656, 'Ranger', '27', 0),
	(657, 'S-Max', '27', 0),
	(658, 'Sierra', '27', 0),
	(659, 'Street Ka', '27', 0),
	(660, 'Tourneo Connect', '27', 0),
	(661, 'Tourneo Custom', '27', 0),
	(662, 'Transit', '27', 0),
	(663, 'Transit', '27', 0),
	(664, 'Transit Bus', '27', 0),
	(665, 'Transit Connect LWB', '27', 0),
	(666, 'Transit Courier', '27', 0),
	(667, 'Transit Custom', '27', 0),
	(668, 'Transit kombi', '27', 0),
	(669, 'Transit Tourneo', '27', 0),
	(670, 'Transit Valnik', '27', 0),
	(671, 'Transit Van', '27', 0),
	(672, 'Transit Van 350', '27', 0),
	(673, 'Windstar', '27', 0),
	(674, 'H2', '28', 0),
	(675, 'H3', '28', 0),
	(676, 'Accent', '29', 0),
	(677, 'Atos', '29', 0),
	(678, 'Atos Prime', '29', 0),
	(679, 'Coupé', '29', 0),
	(680, 'Elantra', '29', 0),
	(681, 'Galloper', '29', 0),
	(682, 'Genesis', '29', 0),
	(683, 'Getz', '29', 0),
	(684, 'Grandeur', '29', 0),
	(685, 'H 350', '29', 0),
	(686, 'H1', '29', 0),
	(687, 'H1 Bus', '29', 0),
	(688, 'H1 Van', '29', 0),
	(689, 'H200', '29', 0),
	(690, 'i10', '29', 0),
	(691, 'i20', '29', 0),
	(692, 'i30', '29', 0),
	(693, 'i30 CW', '29', 0),
	(694, 'i40', '29', 0),
	(695, 'i40 CW', '29', 0),
	(696, 'ix20', '29', 0),
	(697, 'ix35', '29', 0),
	(698, 'ix55', '29', 0),
	(699, 'Lantra', '29', 0),
	(700, 'Matrix', '29', 0),
	(701, 'Santa Fe', '29', 0),
	(702, 'Sonata', '29', 0),
	(703, 'Terracan', '29', 0),
	(704, 'Trajet', '29', 0),
	(705, 'Tucson', '29', 0),
	(706, 'Veloster', '29', 0),
	(707, 'EX', '30', 0),
	(708, 'FX', '30', 0),
	(709, 'G', '30', 0),
	(710, 'G Coupé', '30', 0),
	(711, 'M', '30', 0),
	(712, 'Q', '30', 0),
	(713, 'QX', '30', 0),
	(714, 'Daimler', '31', 0),
	(715, 'F-Pace', '31', 0),
	(716, 'F-Type', '31', 0),
	(717, 'S-Type', '31', 0),
	(718, 'Sovereign', '31', 0),
	(719, 'X-Type', '31', 0),
	(720, 'X-type Estate', '31', 0),
	(721, 'XE', '31', 0),
	(722, 'XF', '31', 0),
	(723, 'XJ', '31', 0),
	(724, 'XJ12', '31', 0),
	(725, 'XJ6', '31', 0),
	(726, 'XJ8', '31', 0),
	(728, 'XJR', '31', 0),
	(729, 'XK', '31', 0),
	(730, 'XK8 Convertible', '31', 0),
	(731, 'XKR', '31', 0),
	(732, 'XKR Convertible', '31', 0),
	(733, 'Cherokee', '32', 0),
	(734, 'Commander', '32', 0),
	(735, 'Compass', '32', 0),
	(736, 'Grand Cherokee', '32', 0),
	(737, 'Patriot', '32', 0),
	(738, 'Renegade', '32', 0),
	(739, 'Wrangler', '32', 0),
	(740, '100 NX', '33', 0),
	(741, '200 SX', '33', 0),
	(742, '350 Z', '33', 0),
	(743, '350 Z Roadster', '33', 0),
	(744, '370 Z', '33', 0),
	(745, 'Almera', '33', 0),
	(746, 'Almera Tino', '33', 0),
	(747, 'Cabstar E - T', '33', 0),
	(748, 'Cabstar TL2 Valnik', '33', 0),
	(749, 'e-NV200', '33', 0),
	(750, 'GT-R', '33', 0),
	(751, 'Insterstar', '33', 0),
	(752, 'Juke', '33', 0),
	(753, 'King Cab', '33', 0),
	(754, 'Leaf', '33', 0),
	(755, 'Maxima', '33', 0),
	(756, 'Maxima QX', '33', 0),
	(757, 'Micra', '33', 0),
	(758, 'Murano', '33', 0),
	(759, 'Navara', '33', 0),
	(760, 'Note', '33', 0),
	(761, 'NP300 Pickup', '33', 0),
	(762, 'NV200', '33', 0),
	(763, 'NV400', '33', 0),
	(764, 'Pathfinder', '33', 0),
	(765, 'Patrol', '33', 0),
	(766, 'Patrol GR', '33', 0),
	(767, 'Pickup', '33', 0),
	(768, 'Pixo', '33', 0),
	(769, 'Primastar', '33', 0),
	(770, 'Primastar Combi', '33', 0),
	(771, 'Primera', '33', 0),
	(772, 'Primera Combi', '33', 0),
	(773, 'Pulsar', '33', 0),
	(774, 'Qashqai', '33', 0),
	(775, 'Serena', '33', 0),
	(776, 'Sunny', '33', 0),
	(777, 'Terrano', '33', 0),
	(778, 'Tiida', '33', 0),
	(779, 'Trade', '33', 0),
	(780, 'Vanette Cargo', '33', 0),
	(781, 'X-Trail', '33', 0),
	(782, '240', '34', 0),
	(783, '340', '34', 0),
	(784, '360', '34', 0),
	(785, '460', '34', 0),
	(786, '850', '34', 0),
	(787, '850 kombi', '34', 0),
	(788, 'C30', '34', 0),
	(789, 'C70', '34', 0),
	(790, 'C70 Cabrio', '34', 0),
	(791, 'C70 Coupé', '34', 0),
	(792, 'S40', '34', 0),
	(793, 'S60', '34', 0),
	(794, 'S70', '34', 0),
	(795, 'S80', '34', 0),
	(796, 'S90', '34', 0),
	(797, 'V40', '34', 0),
	(798, 'V50', '34', 0),
	(799, 'V60', '34', 0),
	(800, 'V70', '34', 0),
	(801, 'V90', '34', 0),
	(802, 'XC60', '34', 0),
	(803, 'XC70', '34', 0),
	(804, 'XC90', '34', 0),
	(805, 'Espero', '35', 0),
	(806, 'Kalos', '35', 0),
	(807, 'Lacetti', '35', 0),
	(808, 'Lanos', '35', 0),
	(809, 'Leganza', '35', 0),
	(810, 'Lublin', '35', 0),
	(811, 'Matiz', '35', 0),
	(812, 'Nexia', '35', 0),
	(813, 'Nubira', '35', 0),
	(814, 'Nubira kombi', '35', 0),
	(815, 'Racer', '35', 0),
	(816, 'Tacuma', '35', 0),
	(817, 'Tico', '35', 0),
	(818, '1100', '36', 0),
	(819, '126', '36', 0),
	(820, '500', '36', 0),
	(821, '500L', '36', 0),
	(822, '500X', '36', 0),
	(823, '850', '36', 0),
	(824, 'Barchetta', '36', 0),
	(825, 'Brava', '36', 0),
	(826, 'Cinquecento', '36', 0),
	(827, 'Coupé', '36', 0),
	(828, 'Croma', '36', 0),
	(829, 'Doblo', '36', 0),
	(830, 'Doblo Cargo', '36', 0),
	(831, 'Doblo Cargo Combi', '36', 0),
	(832, 'Ducato', '36', 0),
	(833, 'Ducato Van', '36', 0),
	(834, 'Ducato Kombi', '36', 0),
	(835, 'Ducato Podvozok', '36', 0),
	(836, 'Florino', '36', 0),
	(837, 'Florino Combi', '36', 0),
	(838, 'Freemont', '36', 0),
	(839, 'Grande Punto', '36', 0),
	(840, 'Idea', '36', 0),
	(841, 'Linea', '36', 0),
	(842, 'Marea', '36', 0),
	(843, 'Marea Weekend', '36', 0),
	(844, 'Multipla', '36', 0),
	(845, 'Palio Weekend', '36', 0),
	(846, 'Panda', '36', 0),
	(847, 'Panda Van', '36', 0),
	(848, 'Punto', '36', 0),
	(849, 'Punto Cabriolet', '36', 0),
	(850, 'Punto Evo', '36', 0),
	(851, 'Punto Van', '36', 0),
	(852, 'Qubo', '36', 0),
	(853, 'Scudo', '36', 0),
	(854, 'Scudo Van', '36', 0),
	(855, 'Scudo Kombi', '36', 0),
	(856, 'Sedici', '36', 0),
	(857, 'Seicento', '36', 0),
	(858, 'Stilo', '36', 0),
	(859, 'Stilo Multiwagon', '36', 0),
	(860, 'Strada', '36', 0),
	(861, 'Talento', '36', 0),
	(862, 'Tipo', '36', 0),
	(863, 'Ulysse', '36', 0),
	(864, 'Uno', '36', 0),
	(865, 'X1/9', '36', 0),
	(866, 'Cooper', '37', 0),
	(867, 'Cooper Cabrio', '37', 0),
	(868, 'Cooper Clubman', '37', 0),
	(869, 'Cooper D', '37', 0),
	(870, 'Cooper D Clubman', '37', 0),
	(871, 'Cooper S', '37', 0),
	(872, 'Cooper S Cabrio', '37', 0),
	(873, 'Cooper S Clubman', '37', 0),
	(874, 'Countryman', '37', 0),
	(875, 'Mini One', '37', 0),
	(876, 'One D', '37', 0),
	(877, '200', '38', 0),
	(878, '214', '38', 0),
	(879, '218', '38', 0),
	(880, '25', '38', 0),
	(881, '400', '38', 0),
	(882, '414', '38', 0),
	(883, '416', '38', 0),
	(884, '620', '38', 0),
	(885, '75', '38', 0),
	(886, 'Cabrio', '39', 0),
	(887, 'City-Coupé', '39', 0),
	(888, 'Compact Pulse', '39', 0),
	(889, 'Forfour', '39', 0),
	(890, 'Fortwo cabrio', '39', 0),
	(891, 'Fortwo coupé', '39', 0),
	(892, 'Roadster', '39', 0),
	(893, 'Chiron', '40', 0);
/*!40000 ALTER TABLE `models` ENABLE KEYS */;


CREATE TABLE IF NOT EXISTS `orders` (
  `id` int(11) NOT NULL AUTO_INCREMENT,
  `car_id` int(11) DEFAULT NULL,
  `date_in` datetime DEFAULT NULL,
  `date_out` datetime DEFAULT NULL,
  `employee_id` int(11) DEFAULT NULL,
  PRIMARY KEY (`id`),
  KEY `FK_orders_cars` (`car_id`),
  CONSTRAINT `FK_orders_cars` FOREIGN KEY (`car_id`) REFERENCES `cars` (`id`)
) ENGINE=InnoDB AUTO_INCREMENT=6 DEFAULT CHARSET=utf8;


/*!40000 ALTER TABLE `orders` DISABLE KEYS */;
INSERT INTO `orders` (`id`, `car_id`, `date_in`, `date_out`, `employee_id`) VALUES
	(5, 6, '2021-06-01 17:59:27', '2021-06-01 17:59:28', NULL);
/*!40000 ALTER TABLE `orders` ENABLE KEYS */;


CREATE TABLE IF NOT EXISTS `orders_parts` (
  `id` int(11) NOT NULL AUTO_INCREMENT,
  `order_id` int(11) NOT NULL DEFAULT 0,
  `part_id` int(11) NOT NULL DEFAULT 0,
  `price` float NOT NULL DEFAULT 0,
  PRIMARY KEY (`id`),
  UNIQUE KEY `order_id_part_id` (`order_id`,`part_id`)
) ENGINE=InnoDB DEFAULT CHARSET=utf8;

/*!40000 ALTER TABLE `orders_parts` DISABLE KEYS */;
/*!40000 ALTER TABLE `orders_parts` ENABLE KEYS */;


CREATE TABLE IF NOT EXISTS `orders_services` (
  `id` int(11) NOT NULL AUTO_INCREMENT,
  `order_id` int(11) NOT NULL,
  `service_id` int(11) NOT NULL,
  `status` enum('new','waiting','active','finished','rejected') DEFAULT 'active',
  `hours` float NOT NULL DEFAULT 0,
  PRIMARY KEY (`id`),
  UNIQUE KEY `order_id_service_id` (`order_id`,`service_id`),
  KEY `FK_orders_services_services` (`service_id`),
  CONSTRAINT `FK_orders_services_orders` FOREIGN KEY (`order_id`) REFERENCES `orders` (`id`) ON DELETE CASCADE,
  CONSTRAINT `FK_orders_services_services` FOREIGN KEY (`service_id`) REFERENCES `services` (`id`) ON DELETE CASCADE
) ENGINE=InnoDB AUTO_INCREMENT=11 DEFAULT CHARSET=utf8;


/*!40000 ALTER TABLE `orders_services` DISABLE KEYS */;
/*!40000 ALTER TABLE `orders_services` ENABLE KEYS */;


CREATE TABLE IF NOT EXISTS `orders_status` (
  `id` int(11) NOT NULL AUTO_INCREMENT,
  `order_service_id` int(11) NOT NULL DEFAULT 0,
  `description` text NOT NULL DEFAULT '0',
  `date` datetime NOT NULL DEFAULT current_timestamp(),
  PRIMARY KEY (`id`)
) ENGINE=InnoDB AUTO_INCREMENT=5 DEFAULT CHARSET=utf8;

/*!40000 ALTER TABLE `orders_status` DISABLE KEYS */;
/*!40000 ALTER TABLE `orders_status` ENABLE KEYS */;


CREATE TABLE IF NOT EXISTS `parts` (
  `part_id` int(11) NOT NULL AUTO_INCREMENT,
  `name` varchar(45) NOT NULL,
  `price` float NOT NULL,
  `car_segment_id` int(11) NOT NULL,
  `is_deleted` tinyint(4) NOT NULL DEFAULT 0,
  PRIMARY KEY (`part_id`),
  KEY `fk_parts_car_segments1_idx` (`car_segment_id`)
) ENGINE=InnoDB AUTO_INCREMENT=981 DEFAULT CHARSET=utf8;


/*!40000 ALTER TABLE `parts` DISABLE KEYS */;
INSERT INTO `parts` (`part_id`, `name`, `price`, `car_segment_id`, `is_deleted`) VALUES
	(1, '4X4 ACTUATOR/TRANS CASE MOTOR', 25.58, 1, 0),
	(2, 'ABS SPEED SENSOR', 11.5, 1, 0),
	(3, 'AC CONDENSOR', 34.54, 1, 0),
	(4, 'AC HOSE SINGLE', 16.62, 1, 0),
	(5, 'AIR BAG (Front)', 56.3, 1, 0),
	(6, 'AIR CLEANER (AIR BOX)', 11.5, 1, 0),
	(7, 'ALTERNATOR', 28.14, 1, 0),
	(8, 'ANTENNA-POWER', 20.46, 1, 0),
	(9, 'ASH TRAY', 3.82, 1, 0),
	(10, 'AXLE ASSEM. 4X4 FRONT COMPLETE', 183.02, 1, 0),
	(11, 'AXLE ASSEM. RWD INDEPENDENT', 142.06, 1, 0),
	(12, 'AXLE SHAFT 4X4 (FRONT)', 42.22, 1, 0),
	(13, 'BACKING PLATE (W/ACCESS.)', 21.74, 1, 0),
	(14, 'BATTERY', 42.22, 1, 0),
	(15, 'BATTERY TERMINAL (PAIR)', 3.82, 1, 0),
	(16, 'BED MAT', 28.14, 1, 0),
	(17, 'BELT TENSIONER W/O BRACKET', 14.06, 1, 0),
	(18, 'BOAT LOWER UNIT', 160, 1, 0),
	(19, 'BRAKE BOOSTER', 21.74, 1, 0),
	(20, 'BRAKE CALIPER (SINGLE PISTON)', 15.34, 1, 0),
	(21, 'BRAKE DRUM (WITH HUB)', 24.3, 1, 0),
	(22, 'BRAKE HUB 4X4', 34.54, 1, 0),
	(23, 'BRAKE HUB WITH ABS', 42.22, 1, 0),
	(24, 'BRAKE PROPORTIONING VALVE', 10.22, 1, 0),
	(25, 'BRAKE SHOES/BRAKE PAD', 1.26, 1, 0),
	(26, 'BUMPER COVER', 38.38, 1, 0),
	(27, 'BUMPER GUARD', 7.66, 1, 0),
	(28, 'BUMPER SHOCK/BRACKET (EACH)', 14.06, 1, 0),
	(29, 'CABLES', 8.94, 1, 0),
	(30, 'CAMSHAFT', 21.74, 1, 0),
	(31, 'CARBURETOR 1 OR 2 BRL', 28.14, 1, 0),
	(32, 'CARGO COVER', 11.5, 1, 0),
	(33, 'CHARCOAL CANISTER', 12.78, 1, 0),
	(34, 'CLOCK SPRING (AIR BAG)', 20.46, 1, 0),
	(35, 'CLUTCH FORK', 8.94, 1, 0),
	(36, 'CLUTCH SLAVE CYLINDER', 10.22, 1, 0),
	(37, 'COIL STANDARD', 12.78, 1, 0),
	(38, 'COILOVER SLEEVE', 12.78, 1, 0),
	(39, 'CONNECTOR/BULB SOCKET UP TO 10', 2.54, 1, 0),
	(40, 'CONSOLE UPPER', 16.62, 1, 0),
	(41, 'CONTROL MODULE - SMALL', 24.3, 1, 0),
	(42, 'CRANKSHAFT', 34.54, 1, 0),
	(43, 'CRUISE CONTROL', 19.18, 1, 0),
	(44, 'CYLINDER HEAD-ALUM (W/CAM)', 70.38, 1, 0),
	(45, 'CYLINDER HEAD-CAST IRON (W/O CAM)', 42.22, 1, 0),
	(46, 'DIPSTICK', 3.82, 1, 0),
	(47, 'DISTRIBUTOR CAP', 6.38, 1, 0),
	(48, 'DISTRIBUTOR ELECTRONIC w/MODULE', 42.22, 1, 0),
	(49, 'DOMELIGHT', 8.94, 1, 0),
	(50, 'DOOR HINGE (EACH)', 7.66, 1, 0),
	(51, 'DOOR LOCK CYLINDER', 2.54, 1, 0),
	(52, 'DOOR SWING', 5.1, 1, 0),
	(53, 'DOOR w/POWER WINDOW', 84.46, 1, 0),
	(54, 'DRIVE SHAFT 4X4 FRONT', 56.3, 1, 0),
	(55, 'EGR VALVE', 11.5, 1, 0),
	(56, 'ENGINE BLOCK BARE (NO INTERNALS)', 34.54, 1, 0),
	(57, 'ENGINE SUPPORT K MEMBER (ALUM)', 70.38, 1, 0),
	(58, 'EXHAUST PIPE', 7.66, 1, 0),
	(59, 'FAN BLADE', 7.66, 1, 0),
	(60, 'FENDER EXTENSION', 10.22, 1, 0),
	(61, 'FLYWHEEL AUTOMATIC', 20.46, 1, 0),
	(62, 'FOG LAMP', 14.06, 1, 0),
	(63, 'FUEL CAP', 3.82, 1, 0),
	(64, 'FUEL FILLER NECK', 10.22, 1, 0),
	(65, 'FUEL INJECTOR (EACH)', 7.66, 1, 0),
	(66, 'FUEL PUMP ELEC. IN TANK', 28.14, 1, 0),
	(67, 'FUEL PUMP REGULAR', 11.5, 1, 0),
	(68, 'FUEL TANK SWITCHING UNIT', 28.14, 1, 0),
	(69, 'GAUGES (EACH)', 6.38, 1, 0),
	(70, 'GLASS-REAR SLIDER', 34.54, 1, 0),
	(71, 'GLASS-VENT W/FRAME', 20.46, 1, 0),
	(72, 'GRILLE (W/O ACCESSORIES)', 37.1, 1, 0),
	(73, 'GRILLE W/PARK LAMPS', 42.22, 1, 0),
	(74, 'HATCH SHOCK (EACH)', 7.66, 1, 0),
	(75, 'HEAD LAMP COVER W/PARK', 17.9, 1, 0),
	(76, 'HEAD LAMP HID ASSEMBLY', 70.38, 1, 0),
	(77, 'HEAD LAMP REGULAR', 2.54, 1, 0),
	(78, 'HEADLINER', 14.06, 1, 0),
	(79, 'HEAT RISER', 8.94, 1, 0),
	(80, 'HEATER CONTROL-MANUAL', 14.06, 1, 0),
	(81, 'HEATER MOTOR', 21.74, 1, 0),
	(82, 'HOOD HINGE (EACH)', 10.22, 1, 0),
	(83, 'HOOD ORNAMENT', 5.1, 1, 0),
	(84, 'HORN', 6.38, 1, 0),
	(85, 'HYBRID BATTERY', 639.98, 1, 0),
	(86, 'IDLE AIR CONTROL VALVE', 11.5, 1, 0),
	(87, 'INFO CENTER', 15.34, 1, 0),
	(88, 'INTAKE BOOT', 12.78, 1, 0),
	(89, 'INTAKE MANIFOLD - COMPOSITE', 30.7, 1, 0),
	(90, 'INTERIOR TRIM LENGTH 1\'-2\'', 5.1, 1, 0),
	(91, 'INTERIOR TRIM LENGTH UNDER 1\'', 2.54, 1, 0),
	(92, 'LADDER RACK', 56.3, 1, 0),
	(93, 'LIGHT BAR', 44.78, 1, 0),
	(94, 'LUGGAGE RACK', 15.34, 1, 0),
	(95, 'MASS AIR FLOW SENSOR', 42.22, 1, 0),
	(96, 'MIRROR-INSIDE ELECTRIC', 12.78, 1, 0),
	(97, 'MIRROR-OUTSIDE STD.', 11.5, 1, 0),
	(98, 'MOTOR MOUNT (EACH)', 11.5, 1, 0),
	(99, 'MUFFLER', 17.9, 1, 0),
	(100, 'OIL COOLER', 14.06, 1, 0),
	(101, 'OIL PUMP', 10.22, 1, 0),
	(102, 'PEDAL ASSEMBLY (MULTIPLE PEDAL)', 28.14, 1, 0),
	(103, 'PITMAN/IDLER ARM', 11.5, 1, 0),
	(104, 'POWER STEER. PRESSURE HOSE', 8.94, 1, 0),
	(105, 'POWER WINDOW SWITCH - DRIVER', 14.06, 1, 0),
	(106, 'PROJECTOR LAMP/BULB', 17.9, 1, 0),
	(107, 'RADIATOR (ALUMINUM)', 51.18, 1, 0),
	(108, 'RADIATOR FAN MOTOR', 21.74, 1, 0),
	(109, 'RADIATOR HOSE', 2.54, 1, 0),
	(110, 'RADIATOR SUPPORT CAP METAL', 17.9, 1, 0),
	(111, 'RADIO AM', 3.82, 1, 0),
	(112, 'RADIO AM/FM DVD PLAYER W/SCREEN', 70.38, 1, 0),
	(113, 'RADIO AMPLIFIER (AFTERMARKET)', 37.1, 1, 0),
	(114, 'RADIO SPEAKER SUBWOOFER', 34.54, 1, 0),
	(115, 'RAINGAURD (EACH)', 6.38, 1, 0),
	(116, 'RELAY / SENSOR ELECTRICAL', 3.82, 1, 0),
	(117, 'ROCKER ARM', 1.26, 1, 0),
	(118, 'SCOOTER ENGINE/TRANS. COMBO', 70.38, 1, 0),
	(119, 'SEAT - CAPTAIN CHAIR', 38.38, 1, 0),
	(120, 'SEAT - POWER', 30.7, 1, 0),
	(121, 'SEAT - WITH AIRBAG', 70.38, 1, 0),
	(122, 'SHIFT BOOT', 3.82, 1, 0),
	(123, 'SHIFT LEVER HANDLE', 5.1, 1, 0),
	(124, 'SHOCK ABSORBER', 8.94, 1, 0),
	(125, 'SMOG PUMP VALVE', 8.94, 1, 0),
	(126, 'SPARE TIRE HOLDER/TIE (TRUNK)', 10.22, 1, 0),
	(127, 'SPEEDOMETER-REGULAR', 17.9, 1, 0),
	(128, 'SPINDLE/KNUCKLE W-HUB', 30.7, 1, 0),
	(129, 'SPRING - COIL', 12.78, 1, 0),
	(130, 'STARTER SOLENOID', 5.1, 1, 0),
	(131, 'STEERING COLUMN-TILT', 42.22, 1, 0),
	(132, 'STEERING GEAR-MANUAL', 28.14, 1, 0),
	(133, 'STEERING RACK - POWER', 42.22, 1, 0),
	(134, 'STEERING WHEEL COVER', 3.82, 1, 0),
	(135, 'STRUT - W/OUT COIL SPRING', 34.54, 1, 0),
	(136, 'SUN VISOR (INTERIOR)', 5.1, 1, 0),
	(137, 'SUPER CHARGER', 140.78, 1, 0),
	(138, 'SWAY/STABALIZER BAR LINK', 5.1, 1, 0),
	(139, 'TAIL LAMP INNER', 12.78, 1, 0),
	(140, 'TAILGATE', 62.7, 1, 0),
	(141, 'THROTTLE BODY ELECTRONIC', 70.38, 1, 0),
	(142, 'TIE ROD END (EACH)', 8.94, 1, 0),
	(143, 'TIMING GEAR', 10.22, 1, 0),
	(144, 'TOOL BOX (METAL)', 76.78, 1, 0),
	(145, 'TOW HOOK (EACH)', 5.1, 1, 0),
	(146, 'TRAILER HITCH-REG. TYPE', 16.62, 1, 0),
	(147, 'TRANS. CROSSMEMBER (STEEL)', 21.74, 1, 0),
	(148, 'TRANSMISSION - FWD/RWD', 183.02, 1, 0),
	(149, 'TRANSMISSION VALVE BODY', 48.62, 1, 0),
	(150, 'TRUNK HATCH WITH GLASS', 70.38, 1, 0),
	(151, 'TRUNK LID', 56.3, 1, 0),
	(152, 'TURN SIGNAL LEVER W/CRUISE', 12.78, 1, 0),
	(153, 'TURN SIGNAL SWITCH ASS. W/ACC', 42.22, 1, 0),
	(154, 'UNDERSHIELD', 12.78, 1, 0),
	(155, 'VALVE COVER-ALUMINUM', 17.9, 1, 0),
	(156, 'VOLTAGE REGULATOR', 6.38, 1, 0),
	(157, 'WASHER RESERVOIR W/PUMP', 11.5, 1, 0),
	(158, 'WHEEL - ALUMINUM (16 INCH LARGER)', 31.98, 1, 0),
	(159, 'WHEEL - STEEL (16 INCH AND LARGER)', 26.86, 1, 0),
	(160, 'WINDOW REGULATOR', 15.34, 1, 0),
	(161, 'WINDSHIELD WIPER MOTOR', 21.74, 1, 0),
	(162, 'WIPER BLADE', 2.54, 1, 0),
	(163, 'WIRING HARNESS', 28.14, 1, 0),
	(164, 'ABS BRAKE UNIT', 95.02, 2, 0),
	(165, 'AC CLUTCH', 18.7, 2, 0),
	(166, 'AC EVAPORATOR', 31.66, 2, 0),
	(167, 'AC RECEIVER/DRYER', 11.5, 2, 0),
	(168, 'AIR BAG (Side/Curtain/Knee)', 41.74, 2, 0),
	(169, 'AIR FILTER', 2.86, 2, 0),
	(170, 'ANTENNA-MANUAL', 8.62, 2, 0),
	(171, 'ANTI FREEZE (PER GALLON)', 4.3, 2, 0),
	(172, 'AUTOMATIC SIDE DOOR OPENER', 71.98, 2, 0),
	(173, 'AXLE ASSEM. FWD TRAILING AXLE (W/DRUMS)', 63.34, 2, 0),
	(174, 'AXLE CARRIER', 63.34, 2, 0),
	(175, 'AXLE SHAFT FWD', 35.98, 2, 0),
	(176, 'BACKING PLATE (W/O ACCES)', 10.06, 2, 0),
	(177, 'BATTERY CABLE', 2.86, 2, 0),
	(178, 'BATTERY TRAY', 2.86, 2, 0),
	(179, 'BELL HOUSING-CLUTCH', 28.78, 2, 0),
	(180, 'BLEND DOOR MOTOR/ACTUATOR', 12.94, 2, 0),
	(181, 'BOAT TRIM SHOCK', 31.66, 2, 0),
	(182, 'BRAKE BOOSTER HYDRAULIC', 47.5, 2, 0),
	(183, 'BRAKE CALIPER BRACKET', 11.5, 2, 0),
	(184, 'BRAKE FLUID RESERVOIR', 8.62, 2, 0),
	(185, 'BRAKE HUB FWD', 21.58, 2, 0),
	(186, 'BRAKE MASTER CYLINDER', 18.7, 2, 0),
	(187, 'BRAKE ROTOR', 15.82, 2, 0),
	(188, 'BRAKE WHEEL CYLINDER', 8.62, 2, 0),
	(189, 'BUMPER END CAP (EACH)', 12.94, 2, 0),
	(190, 'BUMPER REINFORCEMENT (ALUM)', 47.5, 2, 0),
	(191, 'BUMPER/BRUSH GUARD', 71.98, 2, 0),
	(192, 'CAMERA/TV MONITORS', 38.86, 2, 0),
	(193, 'CAMSHAFT HOUSING', 18.7, 2, 0),
	(194, 'CARBURETOR 4 BRL', 38.86, 2, 0),
	(195, 'CARGO TABLE', 10.06, 2, 0),
	(196, 'CHOKE PULL OFF', 7.18, 2, 0),
	(197, 'CLUTCH BEARING', 7.18, 2, 0),
	(198, 'CLUTCH MASTER CYLINDER', 17.26, 2, 0),
	(199, 'COIL - SINGLE FROM PACK', 14.38, 2, 0),
	(200, 'COIL WITH IGNITER', 14.38, 2, 0),
	(201, 'COLD AIR INTAKE', 21.58, 2, 0),
	(202, 'CONSOLE', 20.14, 2, 0),
	(203, 'CONTROL ARM (ALUMINIUM)', 38.86, 2, 0),
	(204, 'CONVERTIBLE TOP', 118.06, 2, 0),
	(205, 'CRANKSHAFT POSITION SENSOR', 15.82, 2, 0),
	(206, 'CUPHOLDER', 4.3, 2, 0),
	(207, 'CYLINDER HEAD-ALUM (W/O CAM)', 63.34, 2, 0),
	(208, 'DASH COMP', 70.54, 2, 0),
	(209, 'DIPSTICK W/TUBE', 7.18, 2, 0),
	(210, 'DISTRIBUTOR CAP ELEC.', 20.14, 2, 0),
	(211, 'DISTRIBUTOR MODULE', 21.58, 2, 0),
	(212, 'DOOR HANDLE INSIDE', 7.18, 2, 0),
	(213, 'DOOR LATCH', 12.94, 2, 0),
	(214, 'DOOR- Powered/Automatic side', 95.02, 2, 0),
	(215, 'DOOR TRIM PANEL(W/O ACCESSORIES)', 12.94, 2, 0),
	(216, 'DRAG LINK-STEERING LINKAGE', 20.14, 2, 0),
	(217, 'E BRAKE HANDLE/PEDAL', 18.7, 2, 0),
	(218, 'ENGINE (ALL)', 276.46, 2, 0),
	(219, 'ENGINE COVER', 17.26, 2, 0),
	(220, 'ENGINE SUPPORT K MEMBER (STEEL)', 63.34, 2, 0),
	(221, 'FAN BELT - SERPENTINE', 8.62, 2, 0),
	(222, 'FAN CLUTCH', 15.82, 2, 0),
	(223, 'FENDER INNER', 15.82, 2, 0),
	(224, 'FLYWHEEL COVER', 8.62, 2, 0),
	(225, 'FRAME ASSEMBLY', 316.78, 2, 0),
	(226, 'FUEL DISTRIBUTOR', 38.86, 2, 0),
	(227, 'FUEL GAUGE (IN DASH)', 5.74, 2, 0),
	(228, 'FUEL INJECTOR RAIL', 20.14, 2, 0),
	(229, 'FUEL PUMP ELEC. IN TANK W/SENDING', 34.54, 2, 0),
	(230, 'FUEL SENDING UNIT', 12.94, 2, 0),
	(231, 'FUSE BOX', 17.26, 2, 0),
	(232, 'GLASS VENT W/O FRAME', 15.82, 2, 0),
	(233, 'GLASS-REAR STATIONARY', 31.66, 2, 0),
	(234, 'GLOVE BOX ASSEMBLY', 23.02, 2, 0),
	(235, 'GRILLE INSERT', 11.5, 2, 0),
	(236, 'HANDICAP HAND CONTROLS', 79.18, 2, 0),
	(237, 'HEAD LAMP COMPOSITE', 14.38, 2, 0),
	(238, 'HEAD LAMP HALOGEN', 4.3, 2, 0),
	(239, 'HEAD LAMP HID BALLAST', 14.38, 2, 0),
	(240, 'HEAD LAMP SWITCH', 12.94, 2, 0),
	(241, 'HEADREST', 14.38, 2, 0),
	(242, 'HEAT SHIELD', 11.5, 2, 0),
	(243, 'HEATER CORE', 15.82, 2, 0),
	(244, 'HEATER VENT', 2.86, 2, 0),
	(245, 'HOOD INSULATION', 7.18, 2, 0),
	(246, 'HOOD PROP', 8.62, 2, 0),
	(247, 'HUB CAP-REGULAR', 8.62, 2, 0),
	(248, 'HYBRID SYNERGY DRIVE UNIT', 287.98, 2, 0),
	(249, 'IDLER PULLEY', 11.5, 2, 0),
	(250, 'INSTRUMENT CLUSTER DIG.', 41.74, 2, 0),
	(251, 'INTAKE MANIFOLD - ALUMINUM', 47.5, 2, 0),
	(252, 'INTAKE MANIFOLD W/THROTTLE BODY', 79.18, 2, 0),
	(253, 'INTERIOR TRIM LENGTH 2\'-3\'', 11.5, 2, 0),
	(254, 'JACK', 15.82, 2, 0),
	(255, 'LICENSE PLATE BRACKET', 4.3, 2, 0),
	(256, 'LUG WRENCH', 4.3, 2, 0),
	(257, 'MAP SENSOR', 21.58, 2, 0),
	(258, 'MIRROR BACK', 7.18, 2, 0),
	(259, 'MIRROR-OUTSIDE ELECTRIC', 21.58, 2, 0),
	(260, 'MOLDINGS - RUBBER (PER INCH)', 0.14, 2, 0),
	(261, 'MOTORS ELECTRICAL (MISC.)', 24.46, 2, 0),
	(262, 'NEUTRAL SAFTEY SWITCH', 12.94, 2, 0),
	(263, 'OIL PAN-ALUMINUM', 27.34, 2, 0),
	(264, 'OXYGEN SENSOR', 11.5, 2, 0),
	(265, 'PINION SHAFT', 28.78, 2, 0),
	(266, 'POWER DOOR LOCK ACTUATOR', 10.06, 2, 0),
	(267, 'POWER STEERING PUMP', 24.46, 2, 0),
	(268, 'POWER WINDOW SWITCH - SINGLE', 8.62, 2, 0),
	(269, 'PULLEY', 10.06, 2, 0),
	(270, 'RADIATOR (BRASS)', 79.18, 2, 0),
	(271, 'RADIATOR FAN MOTOR W/SHROUD', 38.86, 2, 0),
	(272, 'RADIATOR OVERFLOW TANK', 10.06, 2, 0),
	(273, 'RADIATOR SUPPORT CAP PLASTIC', 10.06, 2, 0),
	(274, 'RADIO AM/FM', 10.06, 2, 0),
	(275, 'RADIO AM/FM W/CASSETTE', 27.34, 2, 0),
	(276, 'RADIO AMPLIFIER (FACTORY)', 17.26, 2, 0),
	(277, 'RADIO SPEAKER-AFTER MARKET', 14.38, 2, 0),
	(278, 'REAR DECK COVER', 11.5, 2, 0),
	(279, 'RELAY ASSEMBLY', 14.38, 2, 0),
	(280, 'ROCKER SHAFT ASSEMBLY', 21.58, 2, 0),
	(281, 'SEAT - BENCH', 20.14, 2, 0),
	(282, 'SEAT - CAPTAINS CHAIR', 43.18, 2, 0),
	(283, 'SEAT - TRACK W/MOTOR', 31.66, 2, 0),
	(284, 'SEAT BASE/BACK', 18.7, 2, 0),
	(285, 'SHIFT COLLAR', 17.26, 2, 0),
	(286, 'SHIFT LINKAGE', 18.7, 2, 0),
	(287, 'SHOCK ABSORBER-AIR', 31.66, 2, 0),
	(288, 'SPARE TIRE CARRIER', 20.14, 2, 0),
	(289, 'SPARK PLUG WIRES (EACH)', 1.42, 2, 0),
	(290, 'SPINDLE/KNUCKLE', 27.34, 2, 0),
	(291, 'SPOILER/AIR DAM', 20.14, 2, 0),
	(292, 'SPRING - LEAF', 23.02, 2, 0),
	(293, 'STEERING COLUMN- WITH AIR BAG', 95.02, 2, 0),
	(294, 'STEERING GEAR - ELECTRIC', 57.58, 2, 0),
	(295, 'STEERING RACK - ELECTRIC', 79.18, 2, 0),
	(296, 'STEERING SHAFT- INTERMEDIATE', 17.26, 2, 0),
	(297, 'STRUT - AIR RIDE TYPE', 63.34, 2, 0),
	(298, 'STRUT - W/SPINDLE', 54.7, 2, 0),
	(299, 'SUNROOF / "T-TOP"""', 38.86, 2, 0),
	(300, 'SUSPENSION AIR BAG', 23.02, 2, 0),
	(301, 'TACHOMETER', 12.94, 2, 0),
	(302, 'TAIL LAMP CENTER REFLECTOR', 31.66, 2, 0),
	(303, 'THERMOSTAT HOUSING', 8.62, 2, 0),
	(304, 'THROTTLE BODY W/INTAKE ATTACHED', 79.18, 2, 0),
	(305, 'TIMING CHAIN', 5.74, 2, 0),
	(306, 'TIRE (15 INCH AND SMALLER)', 34.54, 2, 0),
	(307, 'TOOL BOX (PLASTIC)', 57.58, 2, 0),
	(308, 'TRAILER HITCH BALL', 4.3, 2, 0),
	(309, 'TRAILING AXLE FWD W/DRUMS', 63.34, 2, 0),
	(310, 'TRANSFER CASE', 118.06, 2, 0),
	(311, 'TRANSMISSION COMPUTER', 47.5, 2, 0),
	(312, 'TRIM RING (EACH)', 5.74, 2, 0),
	(313, 'TRUNK LATCH', 14.38, 2, 0),
	(314, 'TURBO CHARGER', 79.18, 2, 0),
	(315, 'TURN SIGNAL LEVER W/O CRUISE', 8.62, 2, 0),
	(316, 'TURN SIGNAL SWITCH W/HEADLAMP', 38.86, 2, 0),
	(317, 'VACUUM LOCK PUMP', 30.22, 2, 0),
	(318, 'VALVE COVER-COMPOSITE', 15.82, 2, 0),
	(319, 'WASHER PUMP', 8.62, 2, 0),
	(320, 'WATER PUMP', 12.94, 2, 0),
	(321, 'WHEEL - SPARE W/DONUT TIRE', 17.26, 2, 0),
	(322, 'WHEEL CENTER CAP', 5.74, 2, 0),
	(323, 'WINDOW REGULATOR W/MOTOR', 21.58, 2, 0),
	(324, 'WINDSHIELD WIPER TRANS. (PER SIDE)', 11.5, 2, 0),
	(325, 'WIPER SWITCH ONLY', 10.06, 2, 0),
	(326, 'YOKE', 20.14, 2, 0),
	(327, 'ABS CONTROL MODULE', 52.78, 3, 0),
	(328, 'AC COMPRESSOR', 52.78, 3, 0),
	(329, 'AC HOSE DOUBLE', 27.18, 3, 0),
	(330, 'ACCELERATOR PEDAL', 20.78, 3, 0),
	(331, 'AIR BAG IMPACT SENSOR', 22.38, 3, 0),
	(332, 'AIR SHOCK PUMP', 35.18, 3, 0),
	(333, 'ANTENNA-MAST', 4.78, 3, 0),
	(334, 'ARMREST', 9.58, 3, 0),
	(335, 'AXLE ASSEM. 4X4 FRONT (W/O DRUMS)', 175.98, 3, 0),
	(336, 'AXLE ASSEM. RWD (W/O DRUMS)', 87.98, 3, 0),
	(337, 'AXLE CARRIER (GEARS ONLY)', 52.78, 3, 0),
	(338, 'AXLE SHAFT RWD', 30.38, 3, 0),
	(339, 'BALL JOINT', 4.78, 3, 0),
	(340, 'BATTERY HOLD DOWN', 3.18, 3, 0),
	(341, 'BED LINER', 70.38, 3, 0),
	(342, 'BELT TENSIONER W/BRACKET', 22.38, 3, 0),
	(343, 'BLOWER MOTOR RESISTOR', 14.38, 3, 0),
	(344, 'BRACKET (ENGINE)', 11.18, 3, 0),
	(345, 'BRAKE CALIPER (DUAL PISTON)', 20.78, 3, 0),
	(346, 'BRAKE DRUM', 17.58, 3, 0),
	(347, 'BRAKE HOSE/LINE', 12.78, 3, 0),
	(348, 'BRAKE HUB RWD', 15.98, 3, 0),
	(349, 'BRAKE PEDAL', 20.78, 3, 0),
	(350, 'BRAKE ROTOR (8 LUG)', 39.98, 3, 0),
	(351, 'BUMPER (W/O ACCESSORIES)', 70.38, 3, 0),
	(352, 'BUMPER FILLER', 17.58, 3, 0),
	(353, 'BUMPER REINFORCEMENT (STEEL)', 35.18, 3, 0),
	(354, 'CAB (BARE)', 318.4, 3, 0),
	(355, 'CAMPER SHELL', 87.98, 3, 0),
	(356, 'CAMSHAFT POSITION SENSOR', 17.58, 3, 0),
	(357, 'CARBURETOR ELECTRONIC', 52.78, 3, 0),
	(358, 'CARPET (PER SECTION)', 25.58, 3, 0),
	(359, 'CLOCK', 9.58, 3, 0),
	(360, 'CLUTCH DISC', 15.98, 3, 0),
	(361, 'CLUTCH PRESSURE PLATE', 19.18, 3, 0),
	(362, 'COIL PACK ELECTRONIC', 44.78, 3, 0),
	(363, 'COILOVER AFTERMARKET', 73.58, 3, 0),
	(364, 'COMPUTER-ECM', 52.78, 3, 0),
	(365, 'CONSOLE COVER', 9.58, 3, 0),
	(366, 'CONTROL ARM (STEEL)', 30.38, 3, 0),
	(367, 'COWL PANEL SCREEN', 12.78, 3, 0),
	(368, 'CROSSOVER PIPE', 22.38, 3, 0),
	(369, 'CYLINDER HEAD ALUM-DUAL CAM', 105.58, 3, 0),
	(370, 'CYLINDER HEAD-CAST IRON (W/CAM)', 70.38, 3, 0),
	(371, 'DASH PAD', 20.78, 3, 0),
	(372, 'DISTRIBUTOR (POINT TYPE)', 25.58, 3, 0),
	(373, 'DISTRIBUTOR ELECTRONIC', 43.18, 3, 0),
	(374, 'DIVIDER (VAN)', 55.98, 3, 0),
	(375, 'DOOR HANDLE OUTSIDE', 7.98, 3, 0),
	(376, 'DOOR LATCH W/POWER LOCK', 25.58, 3, 0),
	(377, 'DOOR SHELL {no glass, motors, hinges}', 35.18, 3, 0),
	(378, 'DOOR w/MANUAL WINDOW', 87.98, 3, 0),
	(379, 'DRIVE SHAFT (PER SECTION)', 25.58, 3, 0),
	(380, 'EGR PRESSURE FEEDBACK SENSOR', 15.98, 3, 0),
	(381, 'ENGINE BLOCK (SHORT BLOCK)', 105.58, 3, 0),
	(382, 'ENGINE COVER (DOG HOUSE)', 27.18, 3, 0),
	(383, 'EXHAUST MANIFOLD', 25.58, 3, 0),
	(384, 'FAN BELT - V TYPE', 3.18, 3, 0),
	(385, 'FENDER (W/O ACCESSORIES)', 47.98, 3, 0),
	(386, 'FLOOR MATS', 3.18, 3, 0),
	(387, 'FLYWHEEL STANDARD', 30.38, 3, 0),
	(388, 'FRONT END (W/O COOLERS)', 526.38, 3, 0),
	(389, 'FUEL FILLER DOOR', 9.58, 3, 0),
	(390, 'FUEL INJECTION PUMP', 87.98, 3, 0),
	(391, 'FUEL PRESSURE REGULATOR', 14.38, 3, 0),
	(392, 'FUEL PUMP ELECTRIC', 25.58, 3, 0),
	(393, 'FUEL TANK (UNPROCESSED)', 60.78, 3, 0),
	(394, 'FUSE BOX COVER', 4.78, 3, 0),
	(395, 'GLASS-DOOR', 35.18, 3, 0),
	(396, 'GLASS-SIDE (VAN)', 35.18, 3, 0),
	(397, 'GLOVE BOX DOOR', 7.98, 3, 0),
	(398, 'GRILLE SHELL', 55.98, 3, 0),
	(399, 'HARMONIC BALANCER', 23.98, 3, 0),
	(400, 'HEAD LAMP COVER (W/O PARK)', 14.38, 3, 0),
	(401, 'HEAD LAMP HID (BULB)', 52.78, 3, 0),
	(402, 'HEAD LAMP MOUNT BRACKET', 11.18, 3, 0),
	(403, 'HEADER PANEL (NO ACCESS.)', 63.98, 3, 0),
	(404, 'HEADREST ELECTRIC', 28.78, 3, 0),
	(405, 'HEATER CONTROL - ELECTRONIC', 35.18, 3, 0),
	(406, 'HEATER HOUSING', 22.38, 3, 0),
	(407, 'HOOD (NO ACCESSORIES)', 70.38, 3, 0),
	(408, 'HOOD LATCH', 14.38, 3, 0),
	(409, 'HOOD W/GRILL', 105.58, 3, 0),
	(410, 'HUB CAP-WIRE', 12.78, 3, 0),
	(411, 'I - BEAM FRONT SUSPENSION', 60.78, 3, 0),
	(412, 'IGNITION SWITCH', 17.58, 3, 0),
	(413, 'INSTRUMENT CLUSTER REG.', 27.18, 3, 0),
	(414, 'INTAKE MANIFOLD - CAST IRON', 31.98, 3, 0),
	(415, 'INTERCOOLER', 60.78, 3, 0),
	(416, 'INTERIOR TRIM LENGTH OVER 3\'', 15.98, 3, 0),
	(417, 'JUMPER CABLES', 11.18, 3, 0),
	(418, 'LIFT GATE (BOX TRUCK)', 0, 3, 0),
	(419, 'LUG WRENCH - 4 WAY', 9.58, 3, 0),
	(420, 'MARKER LIGHT', 12.78, 3, 0),
	(421, 'MIRROR-INSIDE', 9.58, 3, 0),
	(422, 'MIRROR-OUTSIDE REMOTE', 17.58, 3, 0),
	(423, 'MOLDINGS - STEEL (PER INCH)', 0.16, 3, 0),
	(424, 'MUDGAURD (EACH)', 6.38, 3, 0),
	(425, 'OIL CAP', 4.78, 3, 0),
	(426, 'OIL PAN-STEEL', 17.58, 3, 0),
	(427, 'PARKING LAMP', 15.98, 3, 0),
	(428, 'PISTON (EACH)', 11.18, 3, 0),
	(429, 'POWER SEAT BELT TRACK', 43.18, 3, 0),
	(430, 'POWER STEERING RESERVOIR', 9.58, 3, 0),
	(431, 'POWER WINDOW SWITCH W/MIRROR', 22.38, 3, 0),
	(432, 'QUARTER PANEL CENER CUT', 123.18, 3, 0),
	(433, 'RADIATOR DUAL FAN W/ SHROUD', 52.78, 3, 0),
	(434, 'RADIATOR FAN SHROUD', 11.18, 3, 0),
	(435, 'RADIATOR SUPPORT', 35.18, 3, 0),
	(436, 'RADIATOR/WASHER TANK COMBO', 14.38, 3, 0),
	(437, 'RADIO AM/FM DVD PLAYER W/O SCREEN', 43.18, 3, 0),
	(438, 'RADIO AM/FM W/CD PLAYER', 43.18, 3, 0),
	(439, 'RADIO SPEAKER (FACTORY)', 9.58, 3, 0),
	(440, 'RADIO W/ HEATER CONTROL', 57.58, 3, 0),
	(441, 'REAR END CLIP', 439.98, 3, 0),
	(442, 'RING GEAR', 31.98, 3, 0),
	(443, 'RUNNING BOARDS', 25.58, 3, 0),
	(444, 'SEAT - BUCKET (EACH)', 25.58, 3, 0),
	(445, 'SEAT - COVER', 4.78, 3, 0),
	(446, 'SEAT - TRACK W/O MOTOR', 17.58, 3, 0),
	(447, 'SEAT BELT (PER PERSON)', 17.58, 3, 0),
	(448, 'SHIFT KNOB', 4.78, 3, 0),
	(449, 'SHIFTER ASSEMBLY (FLOOR)', 35.18, 3, 0),
	(450, 'SMOG PUMP', 23.98, 3, 0),
	(451, 'SPARE TIRE COVER', 15.98, 3, 0),
	(452, 'SPEEDOMETER-DIGITAL', 38.38, 3, 0),
	(453, 'SPINDLE/KNUCKLE W-ABS HUB', 60.78, 3, 0),
	(454, 'SPRING - AIR BAG', 35.18, 3, 0),
	(455, 'STARTER', 47.98, 3, 0),
	(456, 'STEERING COLUMN-REGULAR', 35.18, 3, 0),
	(457, 'STEERING GEAR - POWER', 52.78, 3, 0),
	(458, 'STEERING RACK - MANUAL', 35.18, 3, 0),
	(459, 'STEERING WHEEL', 20.78, 3, 0),
	(460, 'STRUT - W/COIL SPRING', 60.78, 3, 0),
	(461, 'STRUT MOUNT', 9.58, 3, 0),
	(462, 'SUNROOF SHADE', 15.98, 3, 0),
	(463, 'SWAY/STABALIZER BAR', 22.38, 3, 0),
	(464, 'TAIL LAMP', 31.98, 3, 0),
	(465, 'TAIL PIPE', 9.58, 3, 0),
	(466, 'THROTTLE BODY', 54.38, 3, 0),
	(467, 'THROTTLE POSITION SENSOR', 22.38, 3, 0),
	(468, 'TIMING CHAIN COVER', 14.38, 3, 0),
	(469, 'TIRE (16 INCH AND LARGER)', 38.38, 3, 0),
	(470, 'TORQUE CONVERTER', 22.38, 3, 0),
	(471, 'TRAILER HITCH-REESE TYPE', 43.18, 3, 0),
	(472, 'TRANS. CROSSMEMBER (ALUMINUM)', 39.98, 3, 0),
	(473, 'TRANSMISSION - 4X4', 263.98, 3, 0),
	(474, 'TRANSMISSION SOLENOID PACK', 43.18, 3, 0),
	(475, 'TRUCK BED W/OUT TAILGTE', 319.98, 3, 0),
	(476, 'TRUNK LATCH W/ MOTOR', 27.18, 3, 0),
	(477, 'TURBO INTERCOOLER', 60.78, 3, 0),
	(478, 'TURN SIGNAL SWITCH', 15.98, 3, 0),
	(479, 'TURN SIGNAL SWITCH W/WIPERS', 25.58, 3, 0),
	(480, 'VACUUM TREE (EACH)', 3.18, 3, 0),
	(481, 'VALVE COVER-STEEL', 9.58, 3, 0),
	(482, 'WASHER RESERVOIR W/O PUMP', 9.58, 3, 0),
	(483, 'WHEEL - ALUMINUM', 35.18, 3, 0),
	(484, 'WHEEL - STEEL', 17.58, 3, 0),
	(485, 'WINDOW CRANK', 7.98, 3, 0),
	(486, 'WINDSHIELD', 78.38, 3, 0),
	(487, 'WIPER ARM', 9.58, 3, 0),
	(488, 'WIPER TRANS LINK', 3.18, 3, 0),
	(489, '4X4 ACTUATOR/TRANS CASE MOTOR', 47.97, 4, 0),
	(490, 'ABS SPEED SENSOR', 21.57, 4, 0),
	(491, 'AC CONDENSOR', 64.77, 4, 0),
	(492, 'AC HOSE SINGLE', 31.17, 4, 0),
	(493, 'AIR BAG (Front)', 105.57, 4, 0),
	(494, 'AIR CLEANER (AIR BOX)', 21.57, 4, 0),
	(495, 'ALTERNATOR', 52.77, 4, 0),
	(496, 'ANTENNA-POWER', 38.37, 4, 0),
	(497, 'ASH TRAY', 7.17, 4, 0),
	(498, 'AXLE ASSEM. 4X4 FRONT COMPLETE', 343.17, 4, 0),
	(499, 'AXLE ASSEM. RWD INDEPENDENT', 266.37, 4, 0),
	(500, 'AXLE SHAFT 4X4 (FRONT)', 79.17, 4, 0),
	(501, 'BACKING PLATE (W/ACCESS.)', 40.77, 4, 0),
	(502, 'BATTERY', 79.17, 4, 0),
	(503, 'BATTERY TERMINAL (PAIR)', 7.17, 4, 0),
	(504, 'BED MAT', 52.77, 4, 0),
	(505, 'BELT TENSIONER W/O BRACKET', 26.37, 4, 0),
	(506, 'BOAT LOWER UNIT', 300, 4, 0),
	(507, 'BRAKE BOOSTER', 40.77, 4, 0),
	(508, 'BRAKE CALIPER (SINGLE PISTON)', 28.77, 4, 0),
	(509, 'BRAKE DRUM (WITH HUB)', 45.57, 4, 0),
	(510, 'BRAKE HUB 4X4', 64.77, 4, 0),
	(511, 'BRAKE HUB WITH ABS', 79.17, 4, 0),
	(512, 'BRAKE PROPORTIONING VALVE', 19.17, 4, 0),
	(513, 'BRAKE SHOES/BRAKE PAD', 2.37, 4, 0),
	(514, 'BUMPER COVER', 71.97, 4, 0),
	(515, 'BUMPER GUARD', 14.37, 4, 0),
	(516, 'BUMPER SHOCK/BRACKET (EACH)', 26.37, 4, 0),
	(517, 'CABLES', 16.77, 4, 0),
	(518, 'CAMSHAFT', 40.77, 4, 0),
	(519, 'CARBURETOR 1 OR 2 BRL', 52.77, 4, 0),
	(520, 'CARGO COVER', 21.57, 4, 0),
	(521, 'CHARCOAL CANISTER', 23.97, 4, 0),
	(522, 'CLOCK SPRING (AIR BAG)', 38.37, 4, 0),
	(523, 'CLUTCH FORK', 16.77, 4, 0),
	(524, 'CLUTCH SLAVE CYLINDER', 19.17, 4, 0),
	(525, 'COIL STANDARD', 23.97, 4, 0),
	(526, 'COILOVER SLEEVE', 23.97, 4, 0),
	(527, 'CONNECTOR/BULB SOCKET UP TO 10', 4.77, 4, 0),
	(528, 'CONSOLE UPPER', 31.17, 4, 0),
	(529, 'CONTROL MODULE - SMALL', 45.57, 4, 0),
	(530, 'CRANKSHAFT', 64.77, 4, 0),
	(531, 'CRUISE CONTROL', 35.97, 4, 0),
	(532, 'CYLINDER HEAD-ALUM (W/CAM)', 131.97, 4, 0),
	(533, 'CYLINDER HEAD-CAST IRON (W/O CAM)', 79.17, 4, 0),
	(534, 'DIPSTICK', 7.17, 4, 0),
	(535, 'DISTRIBUTOR CAP', 11.97, 4, 0),
	(536, 'DISTRIBUTOR ELECTRONIC w/MODULE', 79.17, 4, 0),
	(537, 'DOMELIGHT', 16.77, 4, 0),
	(538, 'DOOR HINGE (EACH)', 14.37, 4, 0),
	(539, 'DOOR LOCK CYLINDER', 4.77, 4, 0),
	(540, 'DOOR SWING', 9.57, 4, 0),
	(541, 'DOOR w/POWER WINDOW', 158.37, 4, 0),
	(542, 'DRIVE SHAFT 4X4 FRONT', 105.57, 4, 0),
	(543, 'EGR VALVE', 21.57, 4, 0),
	(544, 'ENGINE BLOCK BARE (NO INTERNALS)', 64.77, 4, 0),
	(545, 'ENGINE SUPPORT K MEMBER (ALUM)', 131.97, 4, 0),
	(546, 'EXHAUST PIPE', 14.37, 4, 0),
	(547, 'FAN BLADE', 14.37, 4, 0),
	(548, 'FENDER EXTENSION', 19.17, 4, 0),
	(549, 'FLYWHEEL AUTOMATIC', 38.37, 4, 0),
	(550, 'FOG LAMP', 26.37, 4, 0),
	(551, 'FUEL CAP', 7.17, 4, 0),
	(552, 'FUEL FILLER NECK', 19.17, 4, 0),
	(553, 'FUEL INJECTOR (EACH)', 14.37, 4, 0),
	(554, 'FUEL PUMP ELEC. IN TANK', 52.77, 4, 0),
	(555, 'FUEL PUMP REGULAR', 21.57, 4, 0),
	(556, 'FUEL TANK SWITCHING UNIT', 52.77, 4, 0),
	(557, 'GAUGES (EACH)', 11.97, 4, 0),
	(558, 'GLASS-REAR SLIDER', 64.77, 4, 0),
	(559, 'GLASS-VENT W/FRAME', 38.37, 4, 0),
	(560, 'GRILLE (W/O ACCESSORIES)', 69.57, 4, 0),
	(561, 'GRILLE W/PARK LAMPS', 79.17, 4, 0),
	(562, 'HATCH SHOCK (EACH)', 14.37, 4, 0),
	(563, 'HEAD LAMP COVER W/PARK', 33.57, 4, 0),
	(564, 'HEAD LAMP HID ASSEMBLY', 131.97, 4, 0),
	(565, 'HEAD LAMP REGULAR', 4.77, 4, 0),
	(566, 'HEADLINER', 26.37, 4, 0),
	(567, 'HEAT RISER', 16.77, 4, 0),
	(568, 'HEATER CONTROL-MANUAL', 26.37, 4, 0),
	(569, 'HEATER MOTOR', 40.77, 4, 0),
	(570, 'HOOD HINGE (EACH)', 19.17, 4, 0),
	(571, 'HOOD ORNAMENT', 9.57, 4, 0),
	(572, 'HORN', 11.97, 4, 0),
	(573, 'HYBRID BATTERY', 1199.97, 4, 0),
	(574, 'IDLE AIR CONTROL VALVE', 21.57, 4, 0),
	(575, 'INFO CENTER', 28.77, 4, 0),
	(576, 'INTAKE BOOT', 23.97, 4, 0),
	(577, 'INTAKE MANIFOLD - COMPOSITE', 57.57, 4, 0),
	(578, 'INTERIOR TRIM LENGTH 1\'-2\'', 9.57, 4, 0),
	(579, 'INTERIOR TRIM LENGTH UNDER 1\'', 4.77, 4, 0),
	(580, 'LADDER RACK', 105.57, 4, 0),
	(581, 'LIGHT BAR', 83.97, 4, 0),
	(582, 'LUGGAGE RACK', 28.77, 4, 0),
	(583, 'MASS AIR FLOW SENSOR', 79.17, 4, 0),
	(584, 'MIRROR-INSIDE ELECTRIC', 23.97, 4, 0),
	(585, 'MIRROR-OUTSIDE STD.', 21.57, 4, 0),
	(586, 'MOTOR MOUNT (EACH)', 21.57, 4, 0),
	(587, 'MUFFLER', 33.57, 4, 0),
	(588, 'OIL COOLER', 26.37, 4, 0),
	(589, 'OIL PUMP', 19.17, 4, 0),
	(590, 'PEDAL ASSEMBLY (MULTIPLE PEDAL)', 52.77, 4, 0),
	(591, 'PITMAN/IDLER ARM', 21.57, 4, 0),
	(592, 'POWER STEER. PRESSURE HOSE', 16.77, 4, 0),
	(593, 'POWER WINDOW SWITCH - DRIVER', 26.37, 4, 0),
	(594, 'PROJECTOR LAMP/BULB', 33.57, 4, 0),
	(595, 'RADIATOR (ALUMINUM)', 95.97, 4, 0),
	(596, 'RADIATOR FAN MOTOR', 40.77, 4, 0),
	(597, 'RADIATOR HOSE', 4.77, 4, 0),
	(598, 'RADIATOR SUPPORT CAP METAL', 33.57, 4, 0),
	(599, 'RADIO AM', 7.17, 4, 0),
	(600, 'RADIO AM/FM DVD PLAYER W/SCREEN', 131.97, 4, 0),
	(601, 'RADIO AMPLIFIER (AFTERMARKET)', 69.57, 4, 0),
	(602, 'RADIO SPEAKER SUBWOOFER', 64.77, 4, 0),
	(603, 'RAINGAURD (EACH)', 11.97, 4, 0),
	(604, 'RELAY / SENSOR ELECTRICAL', 7.17, 4, 0),
	(605, 'ROCKER ARM', 2.37, 4, 0),
	(606, 'SCOOTER ENGINE/TRANS. COMBO', 131.97, 4, 0),
	(607, 'SEAT - CAPTAIN CHAIR', 71.97, 4, 0),
	(608, 'SEAT - POWER', 57.57, 4, 0),
	(609, 'SEAT - WITH AIRBAG', 131.97, 4, 0),
	(610, 'SHIFT BOOT', 7.17, 4, 0),
	(611, 'SHIFT LEVER HANDLE', 9.57, 4, 0),
	(612, 'SHOCK ABSORBER', 16.77, 4, 0),
	(613, 'SMOG PUMP VALVE', 16.77, 4, 0),
	(614, 'SPARE TIRE HOLDER/TIE (TRUNK)', 19.17, 4, 0),
	(615, 'SPEEDOMETER-REGULAR', 33.57, 4, 0),
	(616, 'SPINDLE/KNUCKLE W-HUB', 57.57, 4, 0),
	(617, 'SPRING - COIL', 23.97, 4, 0),
	(618, 'STARTER SOLENOID', 9.57, 4, 0),
	(619, 'STEERING COLUMN-TILT', 79.17, 4, 0),
	(620, 'STEERING GEAR-MANUAL', 52.77, 4, 0),
	(621, 'STEERING RACK - POWER', 79.17, 4, 0),
	(622, 'STEERING WHEEL COVER', 7.17, 4, 0),
	(623, 'STRUT - W/OUT COIL SPRING', 64.77, 4, 0),
	(624, 'SUN VISOR (INTERIOR)', 9.57, 4, 0),
	(625, 'SUPER CHARGER', 263.97, 4, 0),
	(626, 'SWAY/STABALIZER BAR LINK', 9.57, 4, 0),
	(627, 'TAIL LAMP INNER', 23.97, 4, 0),
	(628, 'TAILGATE', 117.57, 4, 0),
	(629, 'THROTTLE BODY ELECTRONIC', 131.97, 4, 0),
	(630, 'TIE ROD END (EACH)', 16.77, 4, 0),
	(631, 'TIMING GEAR', 19.17, 4, 0),
	(632, 'TOOL BOX (METAL)', 143.97, 4, 0),
	(633, 'TOW HOOK (EACH)', 9.57, 4, 0),
	(634, 'TRAILER HITCH-REG. TYPE', 31.17, 4, 0),
	(635, 'TRANS. CROSSMEMBER (STEEL)', 40.77, 4, 0),
	(636, 'TRANSMISSION - FWD/RWD', 343.17, 4, 0),
	(637, 'TRANSMISSION VALVE BODY', 91.17, 4, 0),
	(638, 'TRUNK HATCH WITH GLASS', 131.97, 4, 0),
	(639, 'TRUNK LID', 105.57, 4, 0),
	(640, 'TURN SIGNAL LEVER W/CRUISE', 23.97, 4, 0),
	(641, 'TURN SIGNAL SWITCH ASS. W/ACC', 79.17, 4, 0),
	(642, 'UNDERSHIELD', 23.97, 4, 0),
	(643, 'VALVE COVER-ALUMINUM', 33.57, 4, 0),
	(644, 'VOLTAGE REGULATOR', 11.97, 4, 0),
	(645, 'WASHER RESERVOIR W/PUMP', 21.57, 4, 0),
	(646, 'WHEEL - ALUMINUM (16 INCH LARGER)', 59.97, 4, 0),
	(647, 'WHEEL - STEEL (16 INCH AND LARGER)', 50.37, 4, 0),
	(648, 'WINDOW REGULATOR', 28.77, 4, 0),
	(649, 'WINDSHIELD WIPER MOTOR', 40.77, 4, 0),
	(650, 'WIPER BLADE', 4.77, 4, 0),
	(651, 'WIRING HARNESS', 52.77, 4, 0),
	(652, 'ABS BRAKE UNIT', 211.16, 5, 0),
	(653, 'AC CLUTCH', 41.56, 5, 0),
	(654, 'AC EVAPORATOR', 70.36, 5, 0),
	(655, 'AC RECEIVER/DRYER', 25.56, 5, 0),
	(656, 'AIR BAG (Side/Curtain/Knee)', 92.76, 5, 0),
	(657, 'AIR FILTER', 6.36, 5, 0),
	(658, 'ANTENNA-MANUAL', 19.16, 5, 0),
	(659, 'ANTI FREEZE (PER GALLON)', 9.56, 5, 0),
	(660, 'AUTOMATIC SIDE DOOR OPENER', 159.96, 5, 0),
	(661, 'AXLE ASSEM. FWD TRAILING AXLE (W/DRUMS)', 140.76, 5, 0),
	(662, 'AXLE CARRIER', 140.76, 5, 0),
	(663, 'AXLE SHAFT FWD', 79.96, 5, 0),
	(664, 'BACKING PLATE (W/O ACCES)', 22.36, 5, 0),
	(665, 'BATTERY CABLE', 6.36, 5, 0),
	(666, 'BATTERY TRAY', 6.36, 5, 0),
	(667, 'BELL HOUSING-CLUTCH', 63.96, 5, 0),
	(668, 'BLEND DOOR MOTOR/ACTUATOR', 28.76, 5, 0),
	(669, 'BOAT TRIM SHOCK', 70.36, 5, 0),
	(670, 'BRAKE BOOSTER HYDRAULIC', 105.56, 5, 0),
	(671, 'BRAKE CALIPER BRACKET', 25.56, 5, 0),
	(672, 'BRAKE FLUID RESERVOIR', 19.16, 5, 0),
	(673, 'BRAKE HUB FWD', 47.96, 5, 0),
	(674, 'BRAKE MASTER CYLINDER', 41.56, 5, 0),
	(675, 'BRAKE ROTOR', 35.16, 5, 0),
	(676, 'BRAKE WHEEL CYLINDER', 19.16, 5, 0),
	(677, 'BUMPER END CAP (EACH)', 28.76, 5, 0),
	(678, 'BUMPER REINFORCEMENT (ALUM)', 105.56, 5, 0),
	(679, 'BUMPER/BRUSH GUARD', 159.96, 5, 0),
	(680, 'CAMERA/TV MONITORS', 86.36, 5, 0),
	(681, 'CAMSHAFT HOUSING', 41.56, 5, 0),
	(682, 'CARBURETOR 4 BRL', 86.36, 5, 0),
	(683, 'CARGO TABLE', 22.36, 5, 0),
	(684, 'CHOKE PULL OFF', 15.96, 5, 0),
	(685, 'CLUTCH BEARING', 15.96, 5, 0),
	(686, 'CLUTCH MASTER CYLINDER', 38.36, 5, 0),
	(687, 'COIL - SINGLE FROM PACK', 31.96, 5, 0),
	(688, 'COIL WITH IGNITER', 31.96, 5, 0),
	(689, 'COLD AIR INTAKE', 47.96, 5, 0),
	(690, 'CONSOLE', 44.76, 5, 0),
	(691, 'CONTROL ARM (ALUMINIUM)', 86.36, 5, 0),
	(692, 'CONVERTIBLE TOP', 262.36, 5, 0),
	(693, 'CRANKSHAFT POSITION SENSOR', 35.16, 5, 0),
	(694, 'CUPHOLDER', 9.56, 5, 0),
	(695, 'CYLINDER HEAD-ALUM (W/O CAM)', 140.76, 5, 0),
	(696, 'DASH COMP', 156.76, 5, 0),
	(697, 'DIPSTICK W/TUBE', 15.96, 5, 0),
	(698, 'DISTRIBUTOR CAP ELEC.', 44.76, 5, 0),
	(699, 'DISTRIBUTOR MODULE', 47.96, 5, 0),
	(700, 'DOOR HANDLE INSIDE', 15.96, 5, 0),
	(701, 'DOOR LATCH', 28.76, 5, 0),
	(702, 'DOOR- Powered/Automatic side', 211.16, 5, 0),
	(703, 'DOOR TRIM PANEL(W/O ACCESSORIES)', 28.76, 5, 0),
	(704, 'DRAG LINK-STEERING LINKAGE', 44.76, 5, 0),
	(705, 'E BRAKE HANDLE/PEDAL', 41.56, 5, 0),
	(706, 'ENGINE (ALL)', 614.36, 5, 0),
	(707, 'ENGINE COVER', 38.36, 5, 0),
	(708, 'ENGINE SUPPORT K MEMBER (STEEL)', 140.76, 5, 0),
	(709, 'FAN BELT - SERPENTINE', 19.16, 5, 0),
	(710, 'FAN CLUTCH', 35.16, 5, 0),
	(711, 'FENDER INNER', 35.16, 5, 0),
	(712, 'FLYWHEEL COVER', 19.16, 5, 0),
	(713, 'FRAME ASSEMBLY', 703.96, 5, 0),
	(714, 'FUEL DISTRIBUTOR', 86.36, 5, 0),
	(715, 'FUEL GAUGE (IN DASH)', 12.76, 5, 0),
	(716, 'FUEL INJECTOR RAIL', 44.76, 5, 0),
	(717, 'FUEL PUMP ELEC. IN TANK W/SENDING', 76.76, 5, 0),
	(718, 'FUEL SENDING UNIT', 28.76, 5, 0),
	(719, 'FUSE BOX', 38.36, 5, 0),
	(720, 'GLASS VENT W/O FRAME', 35.16, 5, 0),
	(721, 'GLASS-REAR STATIONARY', 70.36, 5, 0),
	(722, 'GLOVE BOX ASSEMBLY', 51.16, 5, 0),
	(723, 'GRILLE INSERT', 25.56, 5, 0),
	(724, 'HANDICAP HAND CONTROLS', 175.96, 5, 0),
	(725, 'HEAD LAMP COMPOSITE', 31.96, 5, 0),
	(726, 'HEAD LAMP HALOGEN', 9.56, 5, 0),
	(727, 'HEAD LAMP HID BALLAST', 31.96, 5, 0),
	(728, 'HEAD LAMP SWITCH', 28.76, 5, 0),
	(729, 'HEADREST', 31.96, 5, 0),
	(730, 'HEAT SHIELD', 25.56, 5, 0),
	(731, 'HEATER CORE', 35.16, 5, 0),
	(732, 'HEATER VENT', 6.36, 5, 0),
	(733, 'HOOD INSULATION', 15.96, 5, 0),
	(734, 'HOOD PROP', 19.16, 5, 0),
	(735, 'HUB CAP-REGULAR', 19.16, 5, 0),
	(736, 'HYBRID SYNERGY DRIVE UNIT', 639.96, 5, 0),
	(737, 'IDLER PULLEY', 25.56, 5, 0),
	(738, 'INSTRUMENT CLUSTER DIG.', 92.76, 5, 0),
	(739, 'INTAKE MANIFOLD - ALUMINUM', 105.56, 5, 0),
	(740, 'INTAKE MANIFOLD W/THROTTLE BODY', 175.96, 5, 0),
	(741, 'INTERIOR TRIM LENGTH 2\'-3\'', 25.56, 5, 0),
	(742, 'JACK', 35.16, 5, 0),
	(743, 'LICENSE PLATE BRACKET', 9.56, 5, 0),
	(744, 'LUG WRENCH', 9.56, 5, 0),
	(745, 'MAP SENSOR', 47.96, 5, 0),
	(746, 'MIRROR BACK', 15.96, 5, 0),
	(747, 'MIRROR-OUTSIDE ELECTRIC', 47.96, 5, 0),
	(748, 'MOLDINGS - RUBBER (PER INCH)', 0.32, 5, 0),
	(749, 'MOTORS ELECTRICAL (MISC.)', 54.36, 5, 0),
	(750, 'NEUTRAL SAFTEY SWITCH', 28.76, 5, 0),
	(751, 'OIL PAN-ALUMINUM', 60.76, 5, 0),
	(752, 'OXYGEN SENSOR', 25.56, 5, 0),
	(753, 'PINION SHAFT', 63.96, 5, 0),
	(754, 'POWER DOOR LOCK ACTUATOR', 22.36, 5, 0),
	(755, 'POWER STEERING PUMP', 54.36, 5, 0),
	(756, 'POWER WINDOW SWITCH - SINGLE', 19.16, 5, 0),
	(757, 'PULLEY', 22.36, 5, 0),
	(758, 'RADIATOR (BRASS)', 175.96, 5, 0),
	(759, 'RADIATOR FAN MOTOR W/SHROUD', 86.36, 5, 0),
	(760, 'RADIATOR OVERFLOW TANK', 22.36, 5, 0),
	(761, 'RADIATOR SUPPORT CAP PLASTIC', 22.36, 5, 0),
	(762, 'RADIO AM/FM', 22.36, 5, 0),
	(763, 'RADIO AM/FM W/CASSETTE', 60.76, 5, 0),
	(764, 'RADIO AMPLIFIER (FACTORY)', 38.36, 5, 0),
	(765, 'RADIO SPEAKER-AFTER MARKET', 31.96, 5, 0),
	(766, 'REAR DECK COVER', 25.56, 5, 0),
	(767, 'RELAY ASSEMBLY', 31.96, 5, 0),
	(768, 'ROCKER SHAFT ASSEMBLY', 47.96, 5, 0),
	(769, 'SEAT - BENCH', 44.76, 5, 0),
	(770, 'SEAT - CAPTAINS CHAIR', 95.96, 5, 0),
	(771, 'SEAT - TRACK W/MOTOR', 70.36, 5, 0),
	(772, 'SEAT BASE/BACK', 41.56, 5, 0),
	(773, 'SHIFT COLLAR', 38.36, 5, 0),
	(774, 'SHIFT LINKAGE', 41.56, 5, 0),
	(775, 'SHOCK ABSORBER-AIR', 70.36, 5, 0),
	(776, 'SPARE TIRE CARRIER', 44.76, 5, 0),
	(777, 'SPARK PLUG WIRES (EACH)', 3.16, 5, 0),
	(778, 'SPINDLE/KNUCKLE', 60.76, 5, 0),
	(779, 'SPOILER/AIR DAM', 44.76, 5, 0),
	(780, 'SPRING - LEAF', 51.16, 5, 0),
	(781, 'STEERING COLUMN- WITH AIR BAG', 211.16, 5, 0),
	(782, 'STEERING GEAR - ELECTRIC', 127.96, 5, 0),
	(783, 'STEERING RACK - ELECTRIC', 175.96, 5, 0),
	(784, 'STEERING SHAFT- INTERMEDIATE', 38.36, 5, 0),
	(785, 'STRUT - AIR RIDE TYPE', 140.76, 5, 0),
	(786, 'STRUT - W/SPINDLE', 121.56, 5, 0),
	(787, 'SUNROOF / "T-TOP"""', 86.36, 5, 0),
	(788, 'SUSPENSION AIR BAG', 51.16, 5, 0),
	(789, 'TACHOMETER', 28.76, 5, 0),
	(790, 'TAIL LAMP CENTER REFLECTOR', 70.36, 5, 0),
	(791, 'THERMOSTAT HOUSING', 19.16, 5, 0),
	(792, 'THROTTLE BODY W/INTAKE ATTACHED', 175.96, 5, 0),
	(793, 'TIMING CHAIN', 12.76, 5, 0),
	(794, 'TIRE (15 INCH AND SMALLER)', 76.76, 5, 0),
	(795, 'TOOL BOX (PLASTIC)', 127.96, 5, 0),
	(796, 'TRAILER HITCH BALL', 9.56, 5, 0),
	(797, 'TRAILING AXLE FWD W/DRUMS', 140.76, 5, 0),
	(798, 'TRANSFER CASE', 262.36, 5, 0),
	(799, 'TRANSMISSION COMPUTER', 105.56, 5, 0),
	(800, 'TRIM RING (EACH)', 12.76, 5, 0),
	(801, 'TRUNK LATCH', 31.96, 5, 0),
	(802, 'TURBO CHARGER', 175.96, 5, 0),
	(803, 'TURN SIGNAL LEVER W/O CRUISE', 19.16, 5, 0),
	(804, 'TURN SIGNAL SWITCH W/HEADLAMP', 86.36, 5, 0),
	(805, 'VACUUM LOCK PUMP', 67.16, 5, 0),
	(806, 'VALVE COVER-COMPOSITE', 35.16, 5, 0),
	(807, 'WASHER PUMP', 19.16, 5, 0),
	(808, 'WATER PUMP', 28.76, 5, 0),
	(809, 'WHEEL - SPARE W/DONUT TIRE', 38.36, 5, 0),
	(810, 'WHEEL CENTER CAP', 12.76, 5, 0),
	(811, 'WINDOW REGULATOR W/MOTOR', 47.96, 5, 0),
	(812, 'WINDSHIELD WIPER TRANS. (PER SIDE)', 25.56, 5, 0),
	(813, 'WIPER SWITCH ONLY', 22.36, 5, 0),
	(814, 'YOKE', 44.76, 5, 0),
	(815, 'ABS CONTROL MODULE', 158.35, 6, 0),
	(816, 'AC COMPRESSOR', 158.35, 6, 0),
	(817, 'AC HOSE DOUBLE', 81.55, 6, 0),
	(818, 'ACCELERATOR PEDAL', 62.35, 6, 0),
	(819, 'AIR BAG IMPACT SENSOR', 67.15, 6, 0),
	(820, 'AIR SHOCK PUMP', 105.55, 6, 0),
	(821, 'ANTENNA-MAST', 14.35, 6, 0),
	(822, 'ARMREST', 28.75, 6, 0),
	(823, 'AXLE ASSEM. 4X4 FRONT (W/O DRUMS)', 527.95, 6, 0),
	(824, 'AXLE ASSEM. RWD (W/O DRUMS)', 263.95, 6, 0),
	(825, 'AXLE CARRIER (GEARS ONLY)', 158.35, 6, 0),
	(826, 'AXLE SHAFT RWD', 91.15, 6, 0),
	(827, 'BALL JOINT', 14.35, 6, 0),
	(828, 'BATTERY HOLD DOWN', 9.55, 6, 0),
	(829, 'BED LINER', 211.15, 6, 0),
	(830, 'BELT TENSIONER W/BRACKET', 67.15, 6, 0),
	(831, 'BLOWER MOTOR RESISTOR', 43.15, 6, 0),
	(832, 'BRACKET (ENGINE)', 33.55, 6, 0),
	(833, 'BRAKE CALIPER (DUAL PISTON)', 62.35, 6, 0),
	(834, 'BRAKE DRUM', 52.75, 6, 0),
	(835, 'BRAKE HOSE/LINE', 38.35, 6, 0),
	(836, 'BRAKE HUB RWD', 47.95, 6, 0),
	(837, 'BRAKE PEDAL', 62.35, 6, 0),
	(838, 'BRAKE ROTOR (8 LUG)', 119.95, 6, 0),
	(839, 'BUMPER (W/O ACCESSORIES)', 211.15, 6, 0),
	(840, 'BUMPER FILLER', 52.75, 6, 0),
	(841, 'BUMPER REINFORCEMENT (STEEL)', 105.55, 6, 0),
	(842, 'CAB (BARE)', 955.2, 6, 0),
	(843, 'CAMPER SHELL', 263.95, 6, 0),
	(844, 'CAMSHAFT POSITION SENSOR', 52.75, 6, 0),
	(845, 'CARBURETOR ELECTRONIC', 158.35, 6, 0),
	(846, 'CARPET (PER SECTION)', 76.75, 6, 0),
	(847, 'CLOCK', 28.75, 6, 0),
	(848, 'CLUTCH DISC', 47.95, 6, 0),
	(849, 'CLUTCH PRESSURE PLATE', 57.55, 6, 0),
	(850, 'COIL PACK ELECTRONIC', 134.35, 6, 0),
	(851, 'COILOVER AFTERMARKET', 220.75, 6, 0),
	(852, 'COMPUTER-ECM', 158.35, 6, 0),
	(853, 'CONSOLE COVER', 28.75, 6, 0),
	(854, 'CONTROL ARM (STEEL)', 91.15, 6, 0),
	(855, 'COWL PANEL SCREEN', 38.35, 6, 0),
	(856, 'CROSSOVER PIPE', 67.15, 6, 0),
	(857, 'CYLINDER HEAD ALUM-DUAL CAM', 316.75, 6, 0),
	(858, 'CYLINDER HEAD-CAST IRON (W/CAM)', 211.15, 6, 0),
	(859, 'DASH PAD', 62.35, 6, 0),
	(860, 'DISTRIBUTOR (POINT TYPE)', 76.75, 6, 0),
	(861, 'DISTRIBUTOR ELECTRONIC', 129.55, 6, 0),
	(862, 'DIVIDER (VAN)', 167.95, 6, 0),
	(863, 'DOOR HANDLE OUTSIDE', 23.95, 6, 0),
	(864, 'DOOR LATCH W/POWER LOCK', 76.75, 6, 0),
	(865, 'DOOR SHELL {no glass, motors, hinges}', 105.55, 6, 0),
	(866, 'DOOR w/MANUAL WINDOW', 263.95, 6, 0),
	(867, 'DRIVE SHAFT (PER SECTION)', 76.75, 6, 0),
	(868, 'EGR PRESSURE FEEDBACK SENSOR', 47.95, 6, 0),
	(869, 'ENGINE BLOCK (SHORT BLOCK)', 316.75, 6, 0),
	(870, 'ENGINE COVER (DOG HOUSE)', 81.55, 6, 0),
	(871, 'EXHAUST MANIFOLD', 76.75, 6, 0),
	(872, 'FAN BELT - V TYPE', 9.55, 6, 0),
	(873, 'FENDER (W/O ACCESSORIES)', 143.95, 6, 0),
	(874, 'FLOOR MATS', 9.55, 6, 0),
	(875, 'FLYWHEEL STANDARD', 91.15, 6, 0),
	(876, 'FRONT END (W/O COOLERS)', 1579.15, 6, 0),
	(877, 'FUEL FILLER DOOR', 28.75, 6, 0),
	(878, 'FUEL INJECTION PUMP', 263.95, 6, 0),
	(879, 'FUEL PRESSURE REGULATOR', 43.15, 6, 0),
	(880, 'FUEL PUMP ELECTRIC', 76.75, 6, 0),
	(881, 'FUEL TANK (UNPROCESSED)', 182.35, 6, 0),
	(882, 'FUSE BOX COVER', 14.35, 6, 0),
	(883, 'GLASS-DOOR', 105.55, 6, 0),
	(884, 'GLASS-SIDE (VAN)', 105.55, 6, 0),
	(885, 'GLOVE BOX DOOR', 23.95, 6, 0),
	(886, 'GRILLE SHELL', 167.95, 6, 0),
	(887, 'HARMONIC BALANCER', 71.95, 6, 0),
	(888, 'HEAD LAMP COVER (W/O PARK)', 43.15, 6, 0),
	(889, 'HEAD LAMP HID (BULB)', 158.35, 6, 0),
	(890, 'HEAD LAMP MOUNT BRACKET', 33.55, 6, 0),
	(891, 'HEADER PANEL (NO ACCESS.)', 191.95, 6, 0),
	(892, 'HEADREST ELECTRIC', 86.35, 6, 0),
	(893, 'HEATER CONTROL - ELECTRONIC', 105.55, 6, 0),
	(894, 'HEATER HOUSING', 67.15, 6, 0),
	(895, 'HOOD (NO ACCESSORIES)', 211.15, 6, 0),
	(896, 'HOOD LATCH', 43.15, 6, 0),
	(897, 'HOOD W/GRILL', 316.75, 6, 0),
	(898, 'HUB CAP-WIRE', 38.35, 6, 0),
	(899, 'I - BEAM FRONT SUSPENSION', 182.35, 6, 0),
	(900, 'IGNITION SWITCH', 52.75, 6, 0),
	(901, 'INSTRUMENT CLUSTER REG.', 81.55, 6, 0),
	(902, 'INTAKE MANIFOLD - CAST IRON', 95.95, 6, 0),
	(903, 'INTERCOOLER', 182.35, 6, 0),
	(904, 'INTERIOR TRIM LENGTH OVER 3\'', 47.95, 6, 0),
	(905, 'JUMPER CABLES', 33.55, 6, 0),
	(906, 'LIFT GATE (BOX TRUCK)', 0, 6, 0),
	(907, 'LUG WRENCH - 4 WAY', 28.75, 6, 0),
	(908, 'MARKER LIGHT', 38.35, 6, 0),
	(909, 'MIRROR-INSIDE', 28.75, 6, 0),
	(910, 'MIRROR-OUTSIDE REMOTE', 52.75, 6, 0),
	(911, 'MOLDINGS - STEEL (PER INCH)', 0.48, 6, 0),
	(912, 'MUDGAURD (EACH)', 19.15, 6, 0),
	(913, 'OIL CAP', 14.35, 6, 0),
	(914, 'OIL PAN-STEEL', 52.75, 6, 0),
	(915, 'PARKING LAMP', 47.95, 6, 0),
	(916, 'PISTON (EACH)', 33.55, 6, 0),
	(917, 'POWER SEAT BELT TRACK', 129.55, 6, 0),
	(918, 'POWER STEERING RESERVOIR', 28.75, 6, 0),
	(919, 'POWER WINDOW SWITCH W/MIRROR', 67.15, 6, 0),
	(920, 'QUARTER PANEL CENER CUT', 369.55, 6, 0),
	(921, 'RADIATOR DUAL FAN W/ SHROUD', 158.35, 6, 0),
	(922, 'RADIATOR FAN SHROUD', 33.55, 6, 0),
	(923, 'RADIATOR SUPPORT', 105.55, 6, 0),
	(924, 'RADIATOR/WASHER TANK COMBO', 43.15, 6, 0),
	(925, 'RADIO AM/FM DVD PLAYER W/O SCREEN', 129.55, 6, 0),
	(926, 'RADIO AM/FM W/CD PLAYER', 129.55, 6, 0),
	(927, 'RADIO SPEAKER (FACTORY)', 28.75, 6, 0),
	(928, 'RADIO W/ HEATER CONTROL', 172.75, 6, 0),
	(929, 'REAR END CLIP', 1319.95, 6, 0),
	(930, 'RING GEAR', 95.95, 6, 0),
	(931, 'RUNNING BOARDS', 76.75, 6, 0),
	(932, 'SEAT - BUCKET (EACH)', 76.75, 6, 0),
	(933, 'SEAT - COVER', 14.35, 6, 0),
	(934, 'SEAT - TRACK W/O MOTOR', 52.75, 6, 0),
	(935, 'SEAT BELT (PER PERSON)', 52.75, 6, 0),
	(936, 'SHIFT KNOB', 14.35, 6, 0),
	(937, 'SHIFTER ASSEMBLY (FLOOR)', 105.55, 6, 0),
	(938, 'SMOG PUMP', 71.95, 6, 0),
	(939, 'SPARE TIRE COVER', 47.95, 6, 0),
	(940, 'SPEEDOMETER-DIGITAL', 115.15, 6, 0),
	(941, 'SPINDLE/KNUCKLE W-ABS HUB', 182.35, 6, 0),
	(942, 'SPRING - AIR BAG', 105.55, 6, 0),
	(943, 'STARTER', 143.95, 6, 0),
	(944, 'STEERING COLUMN-REGULAR', 105.55, 6, 0),
	(945, 'STEERING GEAR - POWER', 158.35, 6, 0),
	(946, 'STEERING RACK - MANUAL', 105.55, 6, 0),
	(947, 'STEERING WHEEL', 62.35, 6, 0),
	(948, 'STRUT - W/COIL SPRING', 182.35, 6, 0),
	(949, 'STRUT MOUNT', 28.75, 6, 0),
	(950, 'SUNROOF SHADE', 47.95, 6, 0),
	(951, 'SWAY/STABALIZER BAR', 67.15, 6, 0),
	(952, 'TAIL LAMP', 95.95, 6, 0),
	(953, 'TAIL PIPE', 28.75, 6, 0),
	(954, 'THROTTLE BODY', 163.15, 6, 0),
	(955, 'THROTTLE POSITION SENSOR', 67.15, 6, 0),
	(956, 'TIMING CHAIN COVER', 43.15, 6, 0),
	(957, 'TIRE (16 INCH AND LARGER)', 115.15, 6, 0),
	(958, 'TORQUE CONVERTER', 67.15, 6, 0),
	(959, 'TRAILER HITCH-REESE TYPE', 129.55, 6, 0),
	(960, 'TRANS. CROSSMEMBER (ALUMINUM)', 119.95, 6, 0),
	(961, 'TRANSMISSION - 4X4', 791.95, 6, 0),
	(962, 'TRANSMISSION SOLENOID PACK', 129.55, 6, 0),
	(963, 'TRUCK BED W/OUT TAILGTE', 959.95, 6, 0),
	(964, 'TRUNK LATCH W/ MOTOR', 81.55, 6, 0),
	(965, 'TURBO INTERCOOLER', 182.35, 6, 0),
	(966, 'TURN SIGNAL SWITCH', 47.95, 6, 0),
	(967, 'TURN SIGNAL SWITCH W/WIPERS', 76.75, 6, 0),
	(968, 'VACUUM TREE (EACH)', 9.55, 6, 0),
	(969, 'VALVE COVER-STEEL', 28.75, 6, 0),
	(970, 'WASHER RESERVOIR W/O PUMP', 28.75, 6, 0),
	(971, 'WHEEL - ALUMINUM', 105.55, 6, 0),
	(972, 'WHEEL - STEEL', 52.75, 6, 0),
	(973, 'WINDOW CRANK', 23.95, 6, 0),
	(974, 'WINDSHIELD', 235.15, 6, 0),
	(975, 'WIPER ARM', 28.75, 6, 0),
	(976, 'WIPER TRANS LINK', 9.55, 6, 0),
	(977, 'RADIATOR DUAL FAN W/O SHROUD', 148.35, 6, 0),
	(978, 'RADIATOR DUAL FAN W/O', 145.35, 6, 0),
	(979, 'RADIATOR DUAL W/O', 141.35, 6, 0),
	(980, 'DUAL FAN W/', 158.55, 6, 0);
/*!40000 ALTER TABLE `parts` ENABLE KEYS */;


CREATE TABLE IF NOT EXISTS `password_change_requests` (
  `id` int(11) NOT NULL AUTO_INCREMENT,
  `Time` datetime DEFAULT current_timestamp(),
  `UserID` int(11) DEFAULT NULL,
  `hash` varchar(255) DEFAULT NULL,
  PRIMARY KEY (`id`)
) ENGINE=MyISAM AUTO_INCREMENT=44 DEFAULT CHARSET=utf8;


/*!40000 ALTER TABLE `password_change_requests` DISABLE KEYS */;
/*!40000 ALTER TABLE `password_change_requests` ENABLE KEYS */;

CREATE TABLE IF NOT EXISTS `reservations` (
  `id` int(11) NOT NULL AUTO_INCREMENT,
  `date` datetime NOT NULL,
  `brand_id` int(11) NOT NULL DEFAULT 0,
  `customer_id` int(11) DEFAULT 0,
  `description` mediumtext NOT NULL DEFAULT '0',
  PRIMARY KEY (`id`),
  KEY `FK_reservations_brands` (`brand_id`),
  CONSTRAINT `FK_reservations_brands` FOREIGN KEY (`brand_id`) REFERENCES `brands` (`id`)
) ENGINE=InnoDB AUTO_INCREMENT=2 DEFAULT CHARSET=utf8;

/*!40000 ALTER TABLE `reservations` DISABLE KEYS */;
/*!40000 ALTER TABLE `reservations` ENABLE KEYS */;


CREATE TABLE IF NOT EXISTS `services` (
  `id` int(11) NOT NULL AUTO_INCREMENT,
  `parent_id` int(11) NOT NULL DEFAULT 0,
  `name` varchar(100) NOT NULL DEFAULT '0',
  `price` float DEFAULT NULL,
  `is_deleted` int(1) DEFAULT 0,
  PRIMARY KEY (`id`)
) ENGINE=InnoDB AUTO_INCREMENT=612 DEFAULT CHARSET=utf8;

/*!40000 ALTER TABLE `services` DISABLE KEYS */;
INSERT INTO `services` (`id`, `parent_id`, `name`, `price`, `is_deleted`) VALUES
	(1, 0, 'Battery', 0, 0),
	(2, 0, 'Belts', 0, 0),
	(3, 0, 'Brakes', 0, 0),
	(4, 0, 'Car Buying', 0, 0),
	(5, 0, 'Clutch & Transmission', 0, 0),
	(6, 0, 'Diagnostics', 0, 0),
	(7, 0, 'Doors', 0, 0),
	(8, 0, 'Engine (Under the Hood)', 0, 0),
	(9, 0, 'Exhaust System', 0, 0),
	(10, 0, 'Filters', 0, 0),
	(11, 0, 'Fluids', 0, 0),
	(12, 0, 'Fuel System', 0, 0),
	(13, 0, 'Heating & AC', 0, 0),
	(14, 0, 'Hoses', 0, 0),
	(15, 0, 'Ignition', 0, 0),
	(16, 0, 'Lights', 0, 0),
	(17, 0, 'Sensors', 0, 0),
	(18, 0, 'Suspension & Steering', 0, 0),
	(19, 0, 'Switches', 0, 0),
	(20, 0, 'Tires', 0, 0),
	(21, 0, 'Windows', 0, 0),
	(22, 0, 'Wiper System', 0, 0),
	(100, 1, 'Auxiliary Battery Replacement', 79, 0),
	(101, 1, 'Car Battery Cable Replacement', 91, 0),
	(102, 1, 'Car Battery Replacement', 57, 0),
	(103, 1, 'Service Battery/cable', 90, 0),
	(104, 2, 'Car AC Belt Replacement', 66, 0),
	(105, 2, 'Alternator / Serpentine Belt Replacement', 36, 0),
	(106, 2, 'Drive Belt Tensioner Replacement', 62, 0),
	(107, 2, 'Power Steering Belt Replacement', 84, 0),
	(108, 2, 'Serpentine/Drive Belt Replacement', 113, 0),
	(109, 2, 'Supercharger Belt Replacement', 92, 0),
	(110, 2, 'Timing Belt Replacement', 100, 0),
	(111, 3, 'ABS Speed Sensor Replacement', 69, 0),
	(112, 3, 'Anti-Lock Control Relay Replacement', 100, 0),
	(113, 3, 'Anti-Lock Fuses Or Relay Replacement', 68, 0),
	(114, 3, 'Brake Caliper Replacement', 22, 0),
	(115, 3, 'Brake Drum Replacement', 84, 0),
	(116, 3, 'Brake Hose Replacement', 34, 0),
	(117, 3, 'Brake Master Cylinder Replacement', 100, 0),
	(118, 3, 'Brake Pad Replacement', 75, 0),
	(119, 3, 'Brake Rotors/Discs Replacement', 57, 0),
	(120, 3, 'Brake Shoe Replacement (Rear)', 40, 0),
	(121, 3, 'Brake System Flush', 110, 0),
	(122, 3, 'Brake Vacuum Pump Replacement', 108, 0),
	(123, 3, 'Brake Wheel Cylinder Replacement', 90, 0),
	(124, 3, 'Emergency/Parking Brake Cable Replacement', 108, 0),
	(125, 3, 'Emergency/Parking Brake Shoe Replacement', 49, 0),
	(126, 3, 'Emergency Brake Control Replacement', 99, 0),
	(127, 3, 'Parking Brake Release Cable Replacement', 31, 0),
	(128, 3, 'Vacuum Brake Booster Check Valve Replacement', 36, 0),
	(129, 3, 'Vacuum Pump Repair', 67, 0),
	(130, 3, 'Wheel Hub Assembly Replacement', 108, 0),
	(131, 3, 'Wheel Speed Sensor Replacement', 118, 0),
	(132, 4, 'Pre-purchase Car Inspection', 45, 0),
	(133, 5, 'CV Axle / Shaft Assembly Replacement', 51, 0),
	(134, 5, 'Axle Shaft Seal Replacement', 103, 0),
	(135, 5, 'Center Support Bearing Replacement', 40, 0),
	(136, 5, 'Clutch Cable Replacement', 70, 0),
	(137, 5, 'Clutch Fluid Replacement', 109, 0),
	(138, 5, 'Clutch Master Cylinder & Slave Cylinder Replacement', 117, 0),
	(139, 5, 'Clutch Safety Switch Replacement', 39, 0),
	(140, 5, 'Clutch Slave Cylinder Replacement', 23, 0),
	(141, 5, 'Clutch Switch Replacement', 79, 0),
	(142, 5, 'Differential Gasket Replacement', 106, 0),
	(143, 5, 'Differential Output Seal Replacement', 72, 0),
	(144, 5, 'Flexible Clutch Hose Replacement', 24, 0),
	(145, 5, 'Shift Interlock Solenoid Replacement', 83, 0),
	(146, 5, 'Shift Selector Cable Replacement', 24, 0),
	(147, 5, 'Shifter Interlock Solenoid Replacement', 52, 0),
	(148, 5, 'Speed Sensor Replacement', 67, 0),
	(149, 5, 'Speedometer Cable Repair', 60, 0),
	(150, 5, 'Speedometer Cable and Housing Replacement', 76, 0),
	(151, 5, 'Transfer Case Fluid Replacement', 83, 0),
	(152, 5, 'Transmission Fluid Service', 66, 0),
	(153, 5, 'Transmission Oil Pressure Switch Replacement', 61, 0),
	(154, 5, 'Transmission Position Sensor (Switch) Replacement', 89, 0),
	(155, 5, 'Transmission Speed Sensor Replacement', 39, 0),
	(156, 6, 'ABS Light is on Inspection', 109, 0),
	(157, 6, 'AC is not working Inspection', 109, 0),
	(158, 6, 'Adjust Windshield Washer Jets', 96, 0),
	(159, 6, 'Air filter is clogged Inspection', 34, 0),
	(160, 6, 'Air is not coming out of vents Inspection', 61, 0),
	(161, 6, 'Banging noises when driving over the bumps Inspection', 84, 0),
	(162, 6, 'Battery Light is on Inspection', 116, 0),
	(163, 6, 'Battery is dead Inspection', 110, 0),
	(164, 6, 'Battery will not hold a charge Inspection', 83, 0),
	(165, 6, 'Brake Pedal is hard to push Inspection', 63, 0),
	(166, 6, 'Brake Pedal vibrates or shakes Inspection', 48, 0),
	(167, 6, 'Brake Warning Light is on Inspection', 29, 0),
	(168, 6, 'Brake fluid is black or brown Inspection', 80, 0),
	(169, 6, 'Brake fluid is leaking Inspection', 93, 0),
	(170, 6, 'Brake fluid is leaking around clutch pedal Inspection', 105, 0),
	(171, 6, 'Brake light is not working Inspection', 24, 0),
	(172, 6, 'Brake pads are wearing out quickly Inspection', 89, 0),
	(173, 6, 'Brake pedal is lower than usual Inspection', 50, 0),
	(174, 6, 'Brake pedal is pulsating Inspection', 65, 0),
	(175, 6, 'Brake pedal is spongy Inspection', 56, 0),
	(176, 6, 'Brake pressure is uneven Inspection', 62, 0),
	(177, 6, 'Brake rotors are turning blue Inspection', 22, 0),
	(178, 6, 'Brake safety Inspection', 106, 0),
	(179, 6, 'Brakes must be pumped to work Inspection', 42, 0),
	(180, 6, 'Brakes, Steering and Suspension Inspection', 72, 0),
	(181, 6, 'Car does not move when I step on the gas pedal Inspection', 116, 0),
	(182, 6, 'Car does not shift from park to drive Inspection', 42, 0),
	(183, 6, 'Car door is sagging Inspection', 41, 0),
	(184, 6, 'Car has bouncy and unstable ride Inspection', 61, 0),
	(185, 6, 'Car has excessive body roll Inspection', 60, 0),
	(186, 6, 'Car idle is rough Inspection', 98, 0),
	(187, 6, 'Car is getting worse gas mileage Inspection', 88, 0),
	(188, 6, 'Car is hard to shift Inspection', 28, 0),
	(189, 6, 'Car is hard to start Inspection', 53, 0),
	(190, 6, 'Car is hesitating and bucking Inspection', 65, 0),
	(191, 6, 'Car is leaning to one side Inspection', 44, 0),
	(192, 6, 'Car is making a noise Inspection', 104, 0),
	(193, 6, 'Car is not getting enough power Inspection', 68, 0),
	(194, 6, 'Car is not shifting into park Inspection', 108, 0),
	(195, 6, 'Car is not starting Inspection', 116, 0),
	(196, 6, 'Car is overheating Inspection', 35, 0),
	(197, 6, 'Car is running hotter than normal Inspection', 108, 0),
	(198, 6, 'Car is shaking or vibrating Inspection', 113, 0),
	(199, 6, 'Car is slow to accelerate Inspection', 24, 0),
	(200, 6, 'Car is stalling Inspection', 59, 0),
	(201, 6, 'Car is taking longer than normal to stop Inspection', 104, 0),
	(202, 6, 'Car jerks forward at high speeds Inspection', 24, 0),
	(203, 6, 'Car nose dives when braking Inspection', 88, 0),
	(204, 6, 'Car or steering wheel shakes when braking Inspection', 45, 0),
	(205, 6, 'Car overheats quickly Inspection', 45, 0),
	(206, 6, 'Car pulls in one direction Inspection', 67, 0),
	(207, 6, 'Car pulls to left or right when I brake Inspection', 82, 0),
	(208, 6, 'Car shudders when turning Inspection', 88, 0),
	(209, 6, 'Car shuts off when stepping on gas pedal Inspection', 73, 0),
	(210, 6, 'Car starts and then dies Inspection', 83, 0),
	(211, 6, 'Car surges when air conditioning is on Inspection', 76, 0),
	(212, 6, 'Car vibrates going uphill Inspection', 113, 0),
	(213, 6, 'Car will not turn over Inspection', 113, 0),
	(214, 6, 'Check Engine Light is on Inspection', 109, 0),
	(215, 6, 'Check Fuel Cap light is on Inspection', 84, 0),
	(216, 6, 'Clean Windshield Washer Tubes and Jets Inspection', 72, 0),
	(217, 6, 'Clear fluid is leaking Inspection', 88, 0),
	(218, 6, 'Clicking or popping sound is coming from wheels Inspection', 105, 0),
	(219, 6, 'Clunking noise when I drive over bumps Inspection', 40, 0),
	(220, 6, 'Clunking or knocking noise from wheels Inspection', 67, 0),
	(221, 6, 'Clutch fluid is contaminated Inspection', 95, 0),
	(222, 6, 'Clutch is not fully disengaging Inspection', 55, 0),
	(223, 6, 'Clutch is not working Inspection', 69, 0),
	(224, 6, 'Clutch pedal goes all the way to the floor Inspection', 61, 0),
	(225, 6, 'Coolant is leaking Inspection', 79, 0),
	(226, 6, 'Creaking noise when turning the steering wheel Inspection', 89, 0),
	(227, 6, 'Cruise control is not working Inspection', 88, 0),
	(228, 6, 'Cupping on tires Inspection', 53, 0),
	(229, 6, 'Defroster is not working Inspection', 80, 0),
	(230, 6, 'Door does not lock or open Inspection', 21, 0),
	(231, 6, 'Door will not open Inspection', 45, 0),
	(232, 6, 'Door will not shut Inspection', 42, 0),
	(233, 6, 'Electric Problems Inspection', 54, 0),
	(234, 6, 'Electrical components are not working Inspection', 24, 0),
	(235, 6, 'Engine hesitates during acceleration Inspection', 39, 0),
	(236, 6, 'Engine idle speed is high Inspection', 102, 0),
	(237, 6, 'Engine is backfiring Inspection', 73, 0),
	(238, 6, 'Engine is making a gurgling sound Inspection', 39, 0),
	(239, 6, 'Engine is misfiring Inspection', 56, 0),
	(240, 6, 'Engine is running louder than normal Inspection', 42, 0),
	(241, 6, 'Engine is shaking, pulsating or vibrating Inspection', 25, 0),
	(242, 6, 'Engine is sputtering Inspection', 75, 0),
	(243, 6, 'Engine oil is black and gritty Inspection', 83, 0),
	(244, 6, 'Excessive car bounce and sway Inspection', 71, 0),
	(245, 6, 'Excessive wear on outer edges of tire Inspection', 83, 0),
	(246, 6, 'Exhaust fume odor in car Inspection', 85, 0),
	(247, 6, 'Fan speed control is not working Inspection', 54, 0),
	(248, 6, 'Feathering of tire Inspection', 95, 0),
	(249, 6, 'Fog or driving lights are not working Inspection', 94, 0),
	(250, 6, 'Fuel door won\'t close Inspection', 65, 0),
	(251, 6, 'Fuel door won\'t open Inspection', 22, 0),
	(252, 6, 'Fuel is leaking from gas tank Inspection', 96, 0),
	(253, 6, 'Gas cap won\'t click or tighten Inspection', 96, 0),
	(254, 6, 'Gas cap won\'t come off Inspection', 69, 0),
	(255, 6, 'Gas pedal is stuck Inspection', 38, 0),
	(256, 6, 'Gears slipping when accelerating Inspection', 61, 0),
	(257, 6, 'Grease on inner edge of tires Inspection', 74, 0),
	(258, 6, 'Grinding noise when braking Inspection', 65, 0),
	(259, 6, 'Grinding noise while shifting Inspection', 83, 0),
	(260, 6, 'Grinding sound from transmission Inspection', 98, 0),
	(261, 6, 'Headlight is not working Inspection', 24, 0),
	(262, 6, 'Headlights are dim Inspection', 106, 0),
	(263, 6, 'Headlights do not change from low to high beam Inspection', 38, 0),
	(264, 6, 'Heater is not working Inspection', 50, 0),
	(265, 6, 'Heating AC Inspection', 119, 0),
	(266, 6, 'High beam is not working Inspection', 24, 0),
	(267, 6, 'Hissing noise when brake pedal is depressed Inspection', 44, 0),
	(268, 6, 'Lights (Headlamps/beams/brakes) Inspection', 27, 0),
	(269, 6, 'Loss of power Inspection', 84, 0),
	(270, 6, 'Loud clicking noise when I turn the car Inspection', 117, 0),
	(271, 6, 'Loud noise is coming from rear brakes Inspection', 112, 0),
	(272, 6, 'Loud noise when using the clutch Inspection', 90, 0),
	(273, 6, 'Loud noises when car is put in gear Inspection', 94, 0),
	(274, 6, 'Loud screeching noise when I start the car Inspection', 82, 0),
	(275, 6, 'Loud squealing or rattling is coming from engine Inspection', 106, 0),
	(276, 6, 'Loud squealing or squeaking is coming from timing belt Inspection', 66, 0),
	(277, 6, 'Noise from engine or exhaust Inspection', 90, 0),
	(278, 6, 'Not able to change gears Inspection', 34, 0),
	(279, 6, 'Oil Pressure Light is on Inspection', 79, 0),
	(280, 6, 'Oil is leaking into spark plug well Inspection', 72, 0),
	(281, 6, 'Oil level is low Inspection', 104, 0),
	(282, 6, 'Oil/Fluid Leak Inspection', 82, 0),
	(283, 6, 'One tire is wearing faster than the others Inspection', 79, 0),
	(284, 6, 'Parking / Emergency Brake does not work Inspection', 30, 0),
	(285, 6, 'Parking brake is stuck Inspection', 94, 0),
	(286, 6, 'Parking brake light stays on Inspection', 57, 0),
	(287, 6, 'Parking brake won\'t engage Inspection', 84, 0),
	(288, 6, 'Parking brake won\'t hold car Inspection', 27, 0),
	(289, 6, 'Parking brake won\'t release Inspection', 66, 0),
	(290, 6, 'Power Mirror is not working Inspection', 28, 0),
	(291, 6, 'Power Outlet is not working Inspection', 23, 0),
	(292, 6, 'Power Seat is not working Inspection', 112, 0),
	(293, 6, 'Power door locks are not working Inspection', 68, 0),
	(294, 6, 'Power steering fluid is brown or black Inspection', 85, 0),
	(295, 6, 'Power steering fluid is leaking Inspection', 102, 0),
	(296, 6, 'Power window is noisy Inspection', 33, 0),
	(297, 6, 'Pre-purchase Car Inspection', 40, 0),
	(298, 6, 'Rear lights are not working Inspection', 80, 0),
	(299, 6, 'Reduced Power light is on Inspection', 60, 0),
	(300, 6, 'Reset Maintenance Reminder System', 39, 0),
	(301, 6, 'Seat vibrates or shakes Inspection', 96, 0),
	(302, 6, 'Service Light is on Inspection', 44, 0),
	(303, 6, 'Smell in the car Inspection', 112, 0),
	(304, 6, 'Smell of oil in car Inspection', 106, 0),
	(305, 6, 'Smoke from engine or exhaust Inspection', 73, 0),
	(306, 6, 'Speedometer is not working Inspection', 29, 0),
	(307, 6, 'Squealing noise from brakes Inspection', 107, 0),
	(308, 6, 'Squealing noise when steering wheel is turned Inspection', 27, 0),
	(309, 6, 'Steering wheel does not respond properly Inspection', 93, 0),
	(310, 6, 'Steering wheel does not turn car Inspection', 64, 0),
	(311, 6, 'Steering wheel feels loose Inspection', 21, 0),
	(312, 6, 'Steering wheel is hard to turn Inspection', 94, 0),
	(313, 6, 'Steering wheel vibrates or shakes Inspection', 85, 0),
	(314, 6, 'Temperature Warning Light is on Inspection', 22, 0),
	(315, 6, 'Temperature gauge is maxed out Inspection', 38, 0),
	(316, 6, 'Tires are losing contact with the road Inspection', 103, 0),
	(317, 6, 'Traction Control Light is on Inspection', 80, 0),
	(318, 6, 'Transfer case fluid is dirty Inspection', 71, 0),
	(319, 6, 'Transfer case fluid is low Inspection', 94, 0),
	(320, 6, 'Transmission fluid is leaking Inspection', 39, 0),
	(321, 6, 'Trunk does not lock or open Inspection', 91, 0),
	(322, 6, 'Turn signal light is not working Inspection', 120, 0),
	(323, 6, 'Uneven tire wear Inspection', 105, 0),
	(324, 6, 'Valve cover gasket is leaking Inspection', 48, 0),
	(325, 6, 'Warning Light is on Inspection', 103, 0),
	(326, 6, 'Washer fluid does not spray onto windshield Inspection', 52, 0),
	(327, 6, 'When I slow down and stop the car, engine shuts off Inspection', 29, 0),
	(328, 6, 'Whining sound when car is in gear Inspection', 71, 0),
	(329, 6, 'Window Switch is not working Inspection', 47, 0),
	(330, 6, 'Window fell inside the door Inspection', 103, 0),
	(331, 6, 'Window is moving up or down very slowly Inspection', 52, 0),
	(332, 6, 'Window is not going up or down Inspection', 31, 0),
	(333, 6, 'Window is not working Inspection', 81, 0),
	(334, 6, 'Windows Inspection', 92, 0),
	(335, 6, 'Windshield Wiper/Washer System Inspection', 97, 0),
	(336, 6, 'Windshield fogs up Inspection', 90, 0),
	(337, 6, 'Wipers are not working Inspection', 40, 0),
	(338, 6, 'Wipers do not shut off Inspection', 109, 0),
	(339, 7, 'Car Door Latch Replacement', 105, 0),
	(340, 7, 'Car Door Lock Actuator Replacement', 78, 0),
	(341, 7, 'Car Door Lock Relay Replacement', 54, 0),
	(342, 7, 'Car Door Lock Switch Replacement', 118, 0),
	(343, 7, 'Exterior Car Door Handle Replacement', 107, 0),
	(344, 7, 'Hood Latch Replacement', 62, 0),
	(345, 7, 'Hood Lift Support Shocks Replacement', 70, 0),
	(346, 7, 'Interior Car Door Handle Replacement', 42, 0),
	(347, 7, 'Lubricate Doors', 79, 0),
	(348, 7, 'Lubricate Hood Hinge', 51, 0),
	(349, 7, 'Lubricate Trunk', 97, 0),
	(350, 7, 'Trunk Latch Adjustment', 113, 0),
	(351, 7, 'Trunk Latch Release Cable Replacement', 55, 0),
	(352, 7, 'Trunk Latch Replacement', 116, 0),
	(353, 7, 'Trunk Lift Support Shocks Replacement', 95, 0),
	(354, 7, 'Trunk Lock Actuator Replacement', 108, 0),
	(355, 8, 'Car AC Belt Replacement', 35, 0),
	(356, 8, 'Throttle Cable Repair', 32, 0),
	(357, 8, 'Air Bleed Housing Assembly Replacement', 35, 0),
	(358, 8, 'Car Air Pump Check Valve Replacement', 58, 0),
	(359, 8, 'Car Air Pump Replacement', 64, 0),
	(360, 8, 'Alternator / Serpentine Belt Replacement', 27, 0),
	(361, 8, 'Alternator Repair', 21, 0),
	(362, 8, 'Automatic Shutdown Relay Replacement', 105, 0),
	(363, 8, 'Barometric Sensor Replacement', 42, 0),
	(364, 8, 'Car Battery Terminal Ends Replacement', 76, 0),
	(365, 8, 'Camshaft Seal Replacement', 33, 0),
	(366, 8, 'Carburetor Repair', 119, 0),
	(367, 8, 'Coolant Recovery Reservoir Replacement', 76, 0),
	(368, 8, 'Coolant Reservoir Replacement', 103, 0),
	(369, 8, 'Coolant Temperature Switch (Sensor) Replacement', 68, 0),
	(370, 8, 'Cooling System Flush', 109, 0),
	(371, 8, 'Cooling/Radiator Fan Motor Replacement', 24, 0),
	(372, 8, 'Crankshaft Harmonic Balancer Replacement', 70, 0),
	(373, 8, 'Cruise Control Cable Replacement', 59, 0),
	(374, 8, 'Distributor O Ring Replacement', 66, 0),
	(375, 8, 'Distributor Replacement', 31, 0),
	(376, 8, 'Distributor Cap and Rotor Replacement', 37, 0),
	(377, 8, 'Electronic Ignition Pickup Replacement', 71, 0),
	(378, 8, 'Electronic Spark Control Replacement', 26, 0),
	(379, 8, 'Engine or Transmission Mount Replacement', 98, 0),
	(380, 8, 'Engine Variable Valve Timing (VVT) Oil Control Valve Replacement', 91, 0),
	(381, 8, 'Exhaust Gas Recirculation (EGR) Tube Replacement', 43, 0),
	(382, 8, 'Exhaust Gas Recirculation/EGR Valve Replacement', 21, 0),
	(383, 8, 'Exhaust Manifold Gasket Replacement', 55, 0),
	(384, 8, 'Exhaust Manifold Repair', 92, 0),
	(385, 8, 'Fan Clutch Replacement', 75, 0),
	(386, 8, 'Front Crankshaft Seal Replacement', 79, 0),
	(387, 8, 'Car Heater Bypass Tube Replacement', 50, 0),
	(388, 8, 'Car Heater Hoses Replacement', 92, 0),
	(389, 8, 'Idle Control Valve Replacement', 93, 0),
	(390, 8, 'Idler Pulley Replacement', 65, 0),
	(391, 8, 'Intake Manifold Gaskets Replacement', 29, 0),
	(392, 8, 'Intake Manifold Runner Control Replacement', 29, 0),
	(393, 8, 'Leak Detection Pump Replacement', 39, 0),
	(394, 8, 'Manifold Absolute Pressure Sensor (MAP Sensor) Replacement', 87, 0),
	(395, 8, 'Oil Cooler Adapter Gasket Replacement', 98, 0),
	(396, 8, 'Oil Cooler Hose (Automatic Transmission) Replacement', 108, 0),
	(397, 8, 'Oil Cooler Lines Replacement', 26, 0),
	(398, 8, 'Oil Cooler Repair', 88, 0),
	(399, 8, 'Oil Filter Housing Gasket Replacement', 40, 0),
	(400, 8, 'Oil Filter Housing Replacement', 118, 0),
	(401, 8, 'Oil Pan Gasket Replacement', 51, 0),
	(402, 8, 'Oil Pan Replacement', 79, 0),
	(403, 8, 'Oil Pressure Sensor Replacement', 22, 0),
	(404, 8, 'Oil Pump O Ring Replacement', 55, 0),
	(405, 8, 'Oil Temperature Sensor Replacement', 88, 0),
	(406, 8, 'PCV Valve Hose Replacement', 55, 0),
	(407, 8, 'Points and Condenser Replacement', 92, 0),
	(408, 8, 'Positive Crankcase Ventilation (PCV) Valve Replacement', 73, 0),
	(409, 8, 'Power Steering Belt Replacement', 68, 0),
	(410, 8, 'Pressure Test Radiator Cap', 104, 0),
	(411, 8, 'Radiator Flush', 93, 0),
	(412, 8, 'Car Radiator Replacement', 35, 0),
	(413, 8, 'Serpentine/Drive Belt Replacement', 74, 0),
	(414, 8, 'Car Starter Repair', 45, 0),
	(415, 8, 'Supercharger Belt Replacement', 84, 0),
	(416, 8, 'Car Thermostat Replacement', 65, 0),
	(417, 8, 'Throttle Body Replacement', 55, 0),
	(418, 8, 'Throttle Cable Replacement', 57, 0),
	(419, 8, 'Throttle Controller Replacement', 102, 0),
	(420, 8, 'Timing Cover Replacement', 117, 0),
	(421, 8, 'Valve Cover Gasket Replacement', 61, 0),
	(422, 8, 'Valve Cover Replacement', 31, 0),
	(423, 8, 'Variable Valve Timing (VVT) Solenoid Replacement', 55, 0),
	(424, 8, 'Variable Valve Timing (VVT) Switch Replacement', 60, 0),
	(425, 8, 'Vent Oil Separator Replacement', 115, 0),
	(426, 8, 'Auxiliary Water Pump Replacement', 75, 0),
	(427, 8, 'Water Pump Pulley Replacement', 112, 0),
	(428, 8, 'Water Pump Replacement', 113, 0),
	(429, 8, 'Windshield Washer Reservoir Replacement', 109, 0),
	(430, 9, 'Canister Purge Solenoid Replacement', 87, 0),
	(431, 9, 'Catalytic Converter Replacement', 89, 0),
	(432, 9, 'EVP Position Sensor Replacement', 64, 0),
	(433, 9, 'Evaporation Vent Solenoid Replacement', 34, 0),
	(434, 9, 'Evaporative Emission Control Canister Replacement', 55, 0),
	(435, 9, 'Evaporator Temperature Sensor (Switch) Replacement', 55, 0),
	(436, 9, 'Leak Detection Pump Replacement', 89, 0),
	(437, 10, 'Car AC Air Filter Replacement', 60, 0),
	(438, 10, 'Car Air Filter Replacement', 114, 0),
	(439, 10, 'Cabin Air Filter Replacement', 69, 0),
	(440, 10, 'Fuel Filter Replacement', 84, 0),
	(441, 11, 'Brake System Flush', 91, 0),
	(442, 11, 'Oil Change', 83, 0),
	(443, 11, 'Clutch Fluid Replacement', 21, 0),
	(444, 11, 'Cooling System Flush', 39, 0),
	(445, 11, 'Power Steering Fluid Service', 112, 0),
	(446, 11, 'Radiator Flush', 23, 0),
	(447, 11, 'Transfer Case Fluid Replacement', 60, 0),
	(448, 11, 'Transmission Fluid Service', 110, 0),
	(449, 12, 'Carburetor Repair', 48, 0),
	(450, 12, 'Fuel Filler Cap Replacement', 93, 0),
	(451, 12, 'Fuel Filler Neck Replacement', 102, 0),
	(452, 12, 'Fuel Filter Replacement', 108, 0),
	(453, 12, 'Fuel Gauge Sender Replacement', 114, 0),
	(454, 12, 'Fuel Injector O Rings Replacement', 28, 0),
	(455, 12, 'Fuel Injector Replacement', 78, 0),
	(456, 12, 'Fuel Pressure Regulator Replacement', 86, 0),
	(457, 12, 'Fuel Pressure Sensor Replacement', 78, 0),
	(458, 12, 'Fuel Pump Replacement', 109, 0),
	(459, 12, 'Gas Cap Replacement', 91, 0),
	(460, 12, 'Injector Control Pressure Sensor Replacement', 108, 0),
	(461, 12, 'Oxygen Sensor Replacement', 46, 0),
	(462, 13, 'Car AC Accumulator Replacement', 88, 0),
	(463, 13, 'Car AC Clutch Cycling Switch Replacement', 83, 0),
	(464, 13, 'Car AC Compressor Relay Replacement', 28, 0),
	(465, 13, 'Car AC Compressor Replacement', 72, 0),
	(466, 13, 'Car AC Condenser Fan Replacement', 58, 0),
	(467, 13, 'AC Condenser Replacement', 53, 0),
	(468, 13, 'Car AC Control Switch Replacement', 70, 0),
	(469, 13, 'Car AC High Pressure Hose Replacement', 73, 0),
	(470, 13, 'AC High Pressure Switch Replacement', 32, 0),
	(471, 13, 'Car AC Low Pressure Hose Replacement', 24, 0),
	(472, 13, 'AC Cycling Switch Replacement', 101, 0),
	(473, 13, 'Car AC Receiver Dryer Replacement', 115, 0),
	(474, 13, 'Car AC Repair', 50, 0),
	(475, 13, 'AC is not working Inspection', 88, 0),
	(476, 13, 'Blower Motor Relay Replacement', 68, 0),
	(477, 13, 'Blower Motor Switch Replacement', 57, 0),
	(478, 13, 'Condenser Fan Relay Replacement', 61, 0),
	(479, 13, 'Expansion Valve (Orifice Tube) Replacement', 114, 0),
	(480, 13, 'Car Heater Blower Motor Replacement', 66, 0),
	(481, 13, 'Car Heater Blower Motor Resistor Replacement', 67, 0),
	(482, 13, 'Car Heater Control Valve Replacement', 119, 0),
	(483, 14, 'Car AC Low Pressure Hose Replacement', 72, 0),
	(484, 14, 'Air Injection Hose Replacement', 86, 0),
	(485, 14, 'Brake Hose Replacement', 92, 0),
	(486, 14, 'Exhaust Gas Recirculation (EGR) Tube Replacement', 81, 0),
	(487, 14, 'Car Heater Bypass Tube Replacement', 112, 0),
	(488, 14, 'Power Steering Pressure Hose Replacement', 94, 0),
	(489, 14, 'Radiator Hose Repair', 115, 0),
	(490, 15, 'Ballast Resistor Replacement', 74, 0),
	(491, 15, 'Distributor Cap and Rotor Replacement', 104, 0),
	(492, 15, 'Electronic Ignition Pickup Replacement', 76, 0),
	(493, 15, 'Ignition Cable (Spark plug wires) Replacement', 51, 0),
	(494, 15, 'Ignition Coil Replacement', 106, 0),
	(495, 15, 'Ignition Ignitor Replacement', 58, 0),
	(496, 15, 'Ignition Relay Replacement', 53, 0),
	(497, 15, 'Ignition Switch Replacement', 69, 0),
	(498, 15, 'Spark Plug Replacement', 67, 0),
	(499, 16, 'Brake Light Bulb Replacement', 106, 0),
	(500, 16, 'Brake Light Switch Replacement', 111, 0),
	(501, 16, 'Combination Switch Assembly Replacement', 116, 0),
	(502, 16, 'Console Light Bulb Replacement', 26, 0),
	(503, 16, 'Courtesy Light Bulb Replacement', 62, 0),
	(504, 16, 'Car Dome Light Bulb Replacement', 114, 0),
	(505, 16, 'Fog Light Relay Replacement', 62, 0),
	(506, 16, 'Fog/Driving Light Bulb Replacement', 47, 0),
	(507, 16, 'Hazard / Turn Signal Flasher Replacement', 31, 0),
	(508, 16, 'Headlight Bulb Replacement', 93, 0),
	(509, 16, 'Headlight Closure Relay Replacement', 50, 0),
	(510, 16, 'Headlight Switch Replacement', 54, 0),
	(511, 16, 'License Plate Light Replacement', 97, 0),
	(512, 16, 'Reset Indicator Lights', 106, 0),
	(513, 16, 'Reverse Light Bulb Replacement', 116, 0),
	(514, 16, 'Tail Light Bulb Replacement', 43, 0),
	(515, 16, 'Tail Light Lens Replacement', 46, 0),
	(516, 16, 'Trunk Light Bulb Replacement', 80, 0),
	(517, 16, 'Turn Signal Bulb Replacement', 45, 0),
	(518, 16, 'Turn Signal Switch Replacement', 62, 0),
	(519, 17, 'ABS Speed Sensor Replacement', 56, 0),
	(520, 17, 'Air Charge Temperature Sensor Replacement', 73, 0),
	(521, 17, 'Air Cleaner Temperature Sensor Replacement', 79, 0),
	(522, 17, 'Camshaft Position Sensor Replacement', 56, 0),
	(523, 17, 'Coolant Level Sensor Replacement', 21, 0),
	(524, 17, 'Crankshaft Position Sensor Replacement', 120, 0),
	(525, 17, 'Instrument Voltage Regulator Replacement', 114, 0),
	(526, 17, 'Intermittent Wiper Relay Replacement', 91, 0),
	(527, 17, 'Low Water Sensor Replacement', 94, 0),
	(528, 17, 'Manifold Temperature Sensor Replacement', 75, 0),
	(529, 17, 'Mass Airflow Sensor Replacement', 73, 0),
	(530, 17, 'Oil Temperature Sensor Replacement', 119, 0),
	(531, 17, 'Oxygen Sensor Replacement', 58, 0),
	(532, 17, 'Speedometer Sensor Replacement', 113, 0),
	(533, 17, 'Throttle Position Sensor (TPS) Replacement', 72, 0),
	(534, 17, 'Throttle/Accelerator Pedal Position Sensor Replacement', 101, 0),
	(535, 17, 'Top Dead Center (TDC) Sensor Replacement', 70, 0),
	(536, 17, 'Wheel Speed Sensor Replacement', 24, 0),
	(537, 17, 'Yaw Rate Sensor Replacement', 91, 0),
	(538, 18, 'Air Shock Replacement', 64, 0),
	(539, 18, 'Air Bag Spring Replacement', 28, 0),
	(540, 18, 'Air Springs Replacement', 27, 0),
	(541, 18, 'Air Suspension Compressor Replacement', 30, 0),
	(542, 18, 'CV Axle / Shaft Assembly Replacement', 48, 0),
	(543, 18, 'Ball Joint Replacement (Front)', 31, 0),
	(544, 18, 'Ball Joint Replacement (Rear)', 89, 0),
	(545, 18, 'Center (Drag) Link Replacement', 35, 0),
	(546, 18, 'Control Arm Assembly Replacement', 86, 0),
	(547, 18, 'Differential/Gear Oil Replacement', 105, 0),
	(548, 18, 'Differential Fluid Service Replacement', 46, 0),
	(549, 18, 'Drag Link Replacement', 98, 0),
	(550, 18, 'Lateral Link Replacement', 30, 0),
	(551, 18, 'Lubricate Ball Joints', 36, 0),
	(552, 18, 'Lubricate Driveshaft', 72, 0),
	(553, 18, 'Lubricate Steering and Suspension', 32, 0),
	(554, 18, 'Lubricate Suspension', 25, 0),
	(555, 18, 'Lubricate U-Joints', 108, 0),
	(556, 18, 'Pitman Arm Replacement', 43, 0),
	(557, 18, 'Power Steering Fluid Reservoir Replacement', 73, 0),
	(558, 18, 'Power Steering Fluid Service', 116, 0),
	(559, 18, 'Power Steering Input Shaft Seal Replacement', 41, 0),
	(560, 18, 'Power Steering Pressure Hose Replacement', 38, 0),
	(561, 18, 'Power Steering Pressure Switch Replacement', 47, 0),
	(562, 18, 'Power Steering Pump Pulley Replacement', 100, 0),
	(563, 18, 'Power Steering Pump Replacement', 41, 0),
	(564, 18, 'Shock Absorber Replacement', 82, 0),
	(565, 18, 'Stabilizer Bar Bushings Replacement', 70, 0),
	(566, 18, 'Stabilizer Bar Links Replacement', 83, 0),
	(567, 18, 'Steering Damper Replacement', 85, 0),
	(568, 18, 'Steering Rack/Gearbox Replacement', 54, 0),
	(569, 18, 'Steering Stabilizer Stop Replacement', 97, 0),
	(570, 18, 'Strut Assembly Replacement', 102, 0),
	(571, 18, 'Air Bag Suspension Repair', 99, 0),
	(572, 18, 'Suspension Spring Coils Replacement', 70, 0),
	(573, 18, 'Sway Bar Replacement', 33, 0),
	(574, 18, 'Tie Rod End Replacement', 35, 0),
	(575, 18, 'Tighten Wheel Lug Nuts', 56, 0),
	(576, 18, 'Track Bar Replacement', 57, 0),
	(577, 18, 'Universal Joint (U-joint) Replacement', 94, 0),
	(578, 18, 'Wheel Bearings Replacement', 78, 0),
	(579, 18, 'Wheel Stud Replacement', 90, 0),
	(580, 19, 'Car AC Control Switch Replacement', 96, 0),
	(581, 19, 'Reverse Lights Switch Replacement', 91, 0),
	(582, 19, 'Blower Motor Switch Replacement', 48, 0),
	(583, 19, 'Brake Light Switch Replacement', 46, 0),
	(584, 19, 'Clutch Safety Switch Replacement', 66, 0),
	(585, 19, 'Clutch Switch Replacement', 70, 0),
	(586, 19, 'Combination Switch Assembly Replacement', 33, 0),
	(587, 19, 'Car Door Lock Switch Replacement', 36, 0),
	(588, 19, 'Headlight Switch Replacement', 61, 0),
	(589, 19, 'Ignition Switch Replacement', 75, 0),
	(590, 19, 'Neutral Safety Switch Replacement', 73, 0),
	(591, 19, 'Power Seat Switch Repair', 119, 0),
	(592, 19, 'Power Window Switch Repair', 56, 0),
	(593, 19, 'Turn Signal Switch Replacement', 103, 0),
	(594, 20, 'Tire Rotation', 29, 0),
	(595, 20, 'Spare Tire Installation', 115, 0),
	(596, 21, 'Power Window Switch Repair', 69, 0),
	(597, 21, 'Window Motor Regulator Replacement', 80, 0),
	(598, 22, 'Adjust Windshield Washer Jets', 73, 0),
	(599, 22, 'Clean Windshield Washer Tubes and Jets Inspection', 107, 0),
	(600, 22, 'Clean and Repack Wheel Bearing', 93, 0),
	(601, 22, 'Washer fluid does not spray onto windshield Inspection', 25, 0),
	(602, 22, 'Window Motor Regulator Replacement', 24, 0),
	(603, 22, 'Windshield Washer Pump Replacement', 28, 0),
	(604, 22, 'Windshield Wiper Arm Replacement', 49, 0),
	(605, 22, 'Windshield Wiper Blade Replacement', 39, 0),
	(606, 22, 'Windshield Wiper Linkage Replacement', 28, 0),
	(607, 22, 'Windshield Wiper Motor Replacement', 105, 0),
	(608, 22, 'Windshield Wiper Refill Replacement', 21, 0),
	(609, 22, 'Windshield Wiper Switch Replacement', 69, 0),
	(610, 22, 'Windshield Wiper/Washer System Inspection', 64, 0),
	(611, 22, 'Wiper Gearbox Replacement', 92, 0);
/*!40000 ALTER TABLE `services` ENABLE KEYS */;


CREATE TABLE IF NOT EXISTS `tokens` (
  `token` varchar(256) NOT NULL
) ENGINE=MyISAM DEFAULT CHARSET=utf8;

/*!40000 ALTER TABLE `tokens` DISABLE KEYS */;
INSERT INTO `tokens` (`token`) VALUES
	('eyJhbGciOiJIUzI1NiIsInR5cCI6IkpXVCJ9.eyJmdWxsbmFtZSI6InN0YW5pIEplYXNvbiIsInJvbGUiOiJ1c2VyIiwiaWF0IjoxNjIxNDI0MzY5fQ.TjAR2E9UzSPgoNm2hVDfetbX-XrDT4j0872T6mRXHxs'),
	('eyJhbGciOiJIUzI1NiIsInR5cCI6IkpXVCJ9.eyJmdWxsbmFtZSI6InN0YW5pIEplYXNvbiIsInJvbGUiOiJ1c2VyIiwiaWF0IjoxNjIxNDI0MzY5fQ.TjAR2E9UzSPgoNm2hVDfetbX-XrDT4j0872T6mRXHxs');
/*!40000 ALTER TABLE `tokens` ENABLE KEYS */;


CREATE TABLE IF NOT EXISTS `users` (
  `id` int(11) NOT NULL AUTO_INCREMENT,
  `firstName` varchar(20) NOT NULL,
  `lastName` varchar(20) NOT NULL,
  `email` varchar(255) NOT NULL,
  `phone` varchar(10) NOT NULL,
  `password` varchar(255) NOT NULL,
  `role` varchar(50) NOT NULL DEFAULT 'user',
  `address` varchar(255) DEFAULT NULL,
  PRIMARY KEY (`id`)
) ENGINE=InnoDB AUTO_INCREMENT=86 DEFAULT CHARSET=utf8;


/*!40000 ALTER TABLE `users` DISABLE KEYS */;
INSERT INTO `users` (`id`, `firstName`, `lastName`, `email`, `phone`, `password`, `role`, `address`) VALUES
	(1, 'Pesho', 'Banicharov', 'pesho@gmail.com', '0869183977', '*1928E08D1C80EE9082303BF87B61024D79CBE839', 'customer', '7 Tudor Close, Dartford",DA1 3HU'),
	(3, 'Svetoslavaa', 'Yordanov', 'svetlionik@smartg.online', '0881119401', '$2b$10$r8fpYGmNMuZC337V4F2JgeosSX/ZHAmI3mUhkksuBQACyW3U.RBB2', 'customer', '2 Chapel Walk, Dartford",DA2 7WW'),
	(4, 'Blagoy', 'Tenev', 'blagoy.tenev@gmail.com', '0882195325', '*42D6417DEFC3810F071015FB95E5A65C56EB627E', 'employee', '35 The Street, Cobham",DA12 3BX'),
	(5, 'Vasil', 'Genov', 'vas_guennev@mail.com', '0862102180', '*42D6417DEFC3810F071015FB95E5A65C56EB627E', 'admin', '4 Hollingbourne Avenue, Bexleyheath",DA7 5EU'),
	(6, 'Kostadin', 'Jivkov', 'kostadin.jivkov@mail.com', '0987654322', '*42D6417DEFC3810F071015FB95E5A65C56EB627E', 'user', '6 Glenmore Road, Welling",DA16 3BE'),
	(7, 'Kostadin', 'Velev', 'k.velev_90@mail.com', '0878188743', '*6CD26C23040441DE9AA0015F2DBA00C1354B0F4A', 'guest', '130 Upton Road, Bexleyheath",DA6 8LX'),
	(8, 'Mihail', 'Enev', 'eneviq_97@mail.com', '0882183356', '$2b$10$GpoVZpRUJD5igQYISqQbDexwNinzjnf.N7RemDD1JpDZTXdzEQGWy', 'user', '18 Spring Vale, Greenhithe",DA9 9HA'),
	(9, 'Desislava', 'Petrova', 'desito_petrova@mail.com', '0877172414', '*E8E93FCBDDDAEF1F4949648A520BA822D93AFFFE', 'user', '7 Dene Holm Road, Northfleet",DA11 8LF'),
	(14, 'Svetoslav', 'Yordanov', 'svetlio@gmail.comxxx', '0865142529', '$2b$10$laHBd1o49NoiH8NUgexW4OsE7/5fajJ65DAWE9goIEmrpPxnRjYNq', 'admin', '27 School Lane, Horton Kirby",DA4 9DQ'),
	(15, 'Stanislav', 'Botev', 'stanislav.botev1997@abv.bg', '0877147134', '$2b$10$1V3Fp8bFgJ3XWwA0cMW8EuBLroxMuOR3g0eGG82j7uDzHXs8M0Gqq', 'user', '45 Miller Court, 88 Mayplace Road East, Bexleyheath",DA7 6DJ'),
	(16, 'John', 'Smith', 'john.smith@gmail.com', '0863122588', '$2b$10$HuiSzgDg4bAxJpsbg45PE.o73lzpo5qhI//m3vT2KKLwl3Fs.uf3C', 'user', '148 Beacon Drive, Bean",DA2 8BQ'),
	(17, 'John', 'Smith', 'svetlionik@abv.bg', '0868129286', '$2b$10$PYrrsQyhcQ1acXh0/lWz0eylfHqyBjPeDVo1NIptpwPgIxegVBAnC', 'user', '14 Bycliffe Mews, Gravesend",DA11 0HX'),
	(18, 'Cordie', 'Konopelski', 'hassie18@hotmail.com', '0884134753', '*2DE37320880F60FACFB70D72C31D69DC5416F66C', 'customer', '3 Aye Gee Apartments, 211 - 219 Bellegrove Road, Welling",DA16 3RQ'),
	(19, 'Lois', 'Christiansen', 'adrain_mayer@gmail.com', '0875189545', '*B2B393548C95D29B2F8C3EA2CB477F74FEB459D8', 'customer', '152 Upton Road, Bexley",DA5 1HQ'),
	(20, 'Roselyn', 'Stroman', 'rosemary81@gmail.com', '0881125283', '*28A46FC9706694B2053F25FFCFBC3025E74565F2', 'customer', '41 Shamrock Road, Gravesend",DA12 2LD'),
	(21, 'Irving', 'Ullrich', 'columbus.kiehn9@gmail.com', '0899104946', '*76C28CCB1E935F07E24FA8E7F027E619C06F83C0', 'customer', '9 Leckwith Avenue, Bexleyheath",DA7 5RH'),
	(22, 'Cory', 'Senger', 'ari_halvorson53@hotmail.com', '0874113028', '*82D599DD15D64904EF356DA79AA9CA2EC8FC3B46', 'customer', '55 St Martins Road, Dartford",DA1 1UJ'),
	(23, 'Dahlia', 'MacGyver', 'jayden16@hotmail.com', '0876108718', '*202A746D697D951C1C3FFFC1D21D1015F6F41BF5', 'customer', '46 Longmead Drive, Sidcup",DA14 4NU'),
	(24, 'Destini', 'Witting', 'lance.hagenes@yahoo.com', '0879145705', '*4AD62CFA7BCAC5659E8305470EEFE7B1BA56EDA8', 'customer', 'Flat 2, Wilmington Place, 165 - 173 Hawley Road, Dartford",DA1 1AU'),
	(25, 'Adelbert', 'Gaylord', 'carissa.botsford74@gmail.com', '0876121014', '*9D119CAB84C268B47B29DAD1C627B5DA14945D62', 'customer', '54 Parrock Road, Gravesend",DA12 1QH'),
	(26, 'Conora', 'Kessler', 'domingo_carter96@yahoo.com', '0893147058', '*58E61569417AC2672732E372AA3B7D216BE478AD', 'customer', 'Flat B, 1 Market Parade, Sidcup",DA14 6EP'),
	(27, 'Gennaro', 'Ritchie', 'zackary61@hotmail.com', '0881197161', '*1044431B5BEE913767BDA7936D5D8057F774B4BB', 'customer', '16 Sandhurst Road, Bexley",DA5 1DD'),
	(28, 'Imogene', 'Kozey', 'coy_pfannerstill@yahoo.com', '0889102380', '*A838D6D1F707E1E686523A157AF7CF4515C5673A', 'customer', '73 Heath Road, Crayford",DA1 3NR'),
	(29, 'Keagan', 'Russel', 'halle_zemlak@hotmail.com', '0873167030', '*74FE9608B65D8C0EF39537E1B4E9220D7B4DC71F', 'customer', '8 Harold Avenue, Belvedere",DA17 5NW'),
	(30, 'Elissa', 'Schulist', 'brennan.king80@yahoo.com', '0872198124', '*014E2F2C940BBBD02D0C95B787635C3A2C8EECED', 'customer', '32 Ingoldsby Road, Gravesend",DA12 2LQ'),
	(31, 'Elmer', 'Lehner', 'michale55@yahoo.com', '0865140122', '*3DF3BEF4DB71FB0B5EED1C35DC15E9CA6744091B', 'customer', 'Flat 2, Lane End House, Green Street Green Road, Lane End",DA2 7JQ'),
	(32, 'Abelaraske', 'Berniers', 'werner_jenkins1@hotmail.com', '0893847571', '*E1F4664376637EA1375ABDC179E8A6826CB1BF79', 'customer', 'Hook Green Barn, Melliker Lane, Meopham",DA13 0JB'),
	(33, 'Marietta', 'Donnelly', 'sincere.abernathy28@hotmail.com', '0889146980', '*B45EA79FD3896A9E2946BF24E38EE2C9E2167391', 'customer', '34 Suffolk Road, Gravesend",DA12 2SN'),
	(34, 'Oleta', 'Quigley', 'leo_zulauf90@hotmail.com', '0881128195', '*097761F05C754A4EF8E563F58C83B71A1837D7C8', 'customer', '229 London Road, Greenhithe",DA9 9DF'),
	(35, 'Ezequiel', 'Barton', 'brooks_borer@yahoo.com', '0897187101', '*A18999BE5304166CD7616036C6E6644FB53BF39C', 'customer', '10 Coldharbour Road, Northfleet",DA11 8QB'),
	(36, 'Herman', 'Kautzer', 'holden59@hotmail.com', '0873106794', '*C043F986A66FBD2E5B08CE26F3BF9DA5CEAF11F8', 'customer', '194 Milton Road, Swanscombe",DA10 0LR'),
	(37, 'Enoch', 'Jerde', 'lillie_runolfsson@gmail.com', '0875191815', '*56A0908AB85D7C034CBFB7851B97EA95A8439C61', 'customer', '215 Dover Road, Northfleet",DA11 9QN'),
	(38, 'Tanya', 'Rowe', 'kiera.braun@hotmail.com', '0882161774', '*64DDFAA209F7BEBABE0DCF2D7F6E00080C6BE16E', 'customer', '29 Maple Road, Dartford",DA1 2QY'),
	(39, 'Brielle', 'Strosin', 'romaine_yost@gmail.com', '0876162944', '*560D6C2FA34A3EE3F50791AEFA06022A5BB7AF3E', 'customer', '19 Brantwood Road, Bexleyheath",DA7 6LQ'),
	(40, 'Tiffany', 'Volkman', 'alfonzo81@gmail.com', '0875167601', '*F13AE4FB50A4D4EE0C4513A0A3DCA3A72076A69C', 'customer', '70A Upper Wickham Lane, Welling",DA16 3HQ'),
	(41, 'Alena', 'Balistreri', 'gustave_ledner44@hotmail.com', '0893108677', '*511A4FB852DCF1CC541C8A3D0681EB9FA94D79D7', 'customer', '23 Melville Road, Sidcup",DA14 4LU'),
	(42, 'Conner', 'Boyer', 'abbigail.mcclure@hotmail.com', '0877164809', '*6471BA2B2D6C16D736831AEF87B4B10FD209DA15', 'customer', '206 Wilmot Road, Dartford",DA1 3BS'),
	(43, 'Andrew', 'Treutel', 'laurence25@hotmail.com', '0896151803', '*31DFC2102A6CF836FC8C57126504BE480BF5DDB5', 'customer', '21 Church Road, Greenhithe",DA9 9BE'),
	(44, 'Celia', 'Schumm', 'adam.kuhlman6@gmail.com', '0885194384', '*73D6C2B03EBCB2C363711B70B6FDC97ED860A5E2', 'customer', 'Flat 2, Rede House, Red Street, Southfleet",DA13 9QQ'),
	(45, 'Theresa', 'Adams', 'lauretta63@hotmail.com', '0863152082', '*F4938817F8E3B803687449D0421B6FC834552470', 'customer', '8 Lumley Close, Belvedere",DA17 6NR'),
	(46, 'Valentine', 'Glover', 'ahmed63@hotmail.com', '0886118148', '*66F58DB532ED34B7FC19627394F9567B18A5C946', 'customer', '7 Longmarsh View, Sutton At Hone",DA4 9DZ'),
	(47, 'Mohammad', 'Conroy', 'madonna.conroy@yahoo.com', '0867145645', '*F3713FD03E26C52BE578F5C381A0320C72DC286C', 'customer', '2 Bayly Road, Dartford",DA1 1UZ'),
	(48, 'Rebekah', 'Heidenreich', 'kasandra5@gmail.com', '0862161596', '*207FEDCE3D66BEACC6DED4264C4A0F3A60B566E0', 'customer', '1 Bletchington Court, Lower Park Road, Belvedere",DA17 6EH'),
	(49, 'Kennith', 'Littel', 'clint62@gmail.com', '0886195232', '*304BA00C24AE8C435DF7C752E8B4717B20984ACA', 'customer', 'Jupiter House, Orbital One, Dartford",DA1 1QG'),
	(50, 'Isadore', 'Wyman', 'juanita26@hotmail.com', '0885155512', '*F1342A4A1F8E5D0AC41C4DFD6B4D088F05B7D669', 'customer', '22 Hillside, Erith",DA8 1DA'),
	(51, 'Timmy', 'Emard', 'jayme17@yahoo.com', '0874169693', '*8DFFDAAF3AE1957BBDB83539D65E347A6B904293', 'customer', '24 Albert Road, Dartford",DA2 7DL'),
	(52, 'Sonny', 'Hills', 'frederik.rodriguez61@yahoo.com', '0862176594', '*260D466CBB3B46A47EC83C19D22D600496DEEA25', 'customer', '9 Peppiatt Close, Crayford",DA1 4FX'),
	(53, 'Arely', 'Monahan', 'sammie24@gmail.com', '0888410572', '*5530BF57A21A004F6F65547C03643F6BCAAE5715', 'customer', 'Unit 1 Green Street Green Road, Dartford",DA2 8DP'),
	(54, 'Kayden', 'Bogisich', 'daphne29@yahoo.com', '0862199319', '*EBED3C90E5FA90746F6D35A1FCC8D6F16E57B8F8', 'customer', '3 Ifield Cottages, Shorne",DA12 3HF'),
	(55, 'Emie', 'Baumbach', 'torey15@hotmail.com', '0866107804', '*52AE2EADACB32710A5C3D087795FFA5D38D9F634', 'customer', '99 Packham Road, Northfleet",DA11 7HX'),
	(56, 'Raegan', 'Thiel', 'leo.schultz82@gmail.com', '0872142676', '*8C9CC7405DC27B4B9F179CA56B6E4211B1404ACC', 'customer', 'Longwall, Crayburne, Southfleet",DA13 9PB'),
	(57, 'Rudy', 'Hoppe', 'fannie_buckridge@gmail.com', '0874103382', '*843D9ECC92F198A7053A16F3B96FD1C81F275A06', 'customer', '73 Penhill Road, Bexley",DA5 3EP'),
	(58, 'Milton', 'Botsford', 'angela.cummings10@yahoo.com', '0895118300', '*78CE2DF6F0613EE0337B29364D15370F9E99972C', 'customer', '147 Barr Road, Gravesend",DA12 4DX'),
	(59, 'Garett', 'Toy', 'lukas.bergstrom10@gmail.com', '0860172709', '*2FD6478995A58F8E13D21303FBA740B10EBF6018', 'customer', '48 Woodlands Avenue, Sidcup",DA15 8HA'),
	(75, 'Svetoslav', 'Yordanov', 'svetlio@gmail.com', '0888410571', '$2b$10$.BCnh8lDViVctfNKPhlfueet15Xbn.tRNi7WUTl3Wi4/gI2NBG4/O', 'user', NULL),
	(81, 'Misho', 'lichim', 'lichim56@.mail.bg', '0999666333', '$2b$10$CVxHZv3dSSjjANnccF8PHOGeWhzZBBRiJY/Yy0tcD0z1GqFIkTth2', 'user', '156 Avenu'),
	(82, 'Angel', 'Georgiev', 'Angel@mail.com', '0898777555', '$2b$10$XbFjBfRkoOR3U.K6Q64tNOmwxWfxqTnrMrSpZtpNvS.ll.YqPvO.S', 'user', '205 Carigradsko'),
	(83, 'Misho', 'Eneviq', 'mishsso@.mail.bg', '0887516484', '$2b$10$IHPG2JMgLGoWP71D9oWvXusSgAx42Zn0SD0SZME7TtkaiE.xjfwNO', 'user', '805 Ulicha'),
	(84, 'Misho', 'lichim', 'hgxfdrru.@mail.com', '0879451265', '$2b$10$UQgJX13faeQUAwyGSdrQyu2kRoUGV4A0gTn7mlSBJ.sUjRgWCD/O.', 'user', '549 ftxjc g'),
	(85, 'Misho', 'Eneviq', 'jbasj@mail.bg', '0878799930', '$2b$10$5/Fnv/Xgk.Us3Dl9/pBdyunSf7OH8n6/zvZW8485cZbOReq.NYHtC', 'user', '123 street');
/*!40000 ALTER TABLE `users` ENABLE KEYS */;

/*!40101 SET SQL_MODE=IFNULL(@OLD_SQL_MODE, '') */;
/*!40014 SET FOREIGN_KEY_CHECKS=IF(@OLD_FOREIGN_KEY_CHECKS IS NULL, 1, @OLD_FOREIGN_KEY_CHECKS) */;
/*!40101 SET CHARACTER_SET_CLIENT=@OLD_CHARACTER_SET_CLIENT */;
